sku_id,item_first_cate_cd,item_second_cate_cd,item_third_cate_cd
c8f1bedafc949312d323361ef899ccb1,652,828,841
e10024e0b156ef232dca6260e83d1c37,652,828,841
65bf525171abd8f719e6f815780cf1e3,1672,2599,1443
df248b69f9c19a39ee42ab9170577401,6728,6743,11878
6f9c0996276fb17b3400201af8656193,9192,9196,1502
d5bc8f7d00d08caa6528e67e07eec54c,1318,1463,1487
62f129d10534e554d690d1ca6c395717,1318,1463,1487
f949a856e0d0d5e6de84b4bcbda48d7e,1319,1526,7060
8b812647e3ccf01e7eef8f7e55c7e0a9,1316,1386,11923
a21c96c5dc8dff54d704e3fe751d27ca,670,729,4837
cb289d7108ea2e116b68440ff130110b,670,729,4837
55c1f9d16b625544958d2a081006d687,670,729,4837
4b3ca60a87d78ed5f01a94d8b19af6ad,1316,1387,1429
f6441a528dc194328f870a45b6b75030,1316,1387,1429
7cf18e636dcc54dc380654a008871591,1316,1387,1429
4ad52bb6141f0b5aae70cca431547717,1315,1346,12029
59f81782856769ab175d874f6c205940,1315,1346,12029
1de8d3c282f34aadd42c2989b4d228ff,9855,9857,9908
8161570f1bc4e3851d56fc8c59664bd9,12259,12260,9438
05c22474e50420ae6dc42c44a76b6414,737,1276,740
7ad6db1929bda7e47a6c1dfcfa9c709d,1320,1584,13790
e5220bc900ed8f686c39dea83039bb5f,12259,12260,9437
12811211b1bc311c40d31ffed45c8fa6,1320,1583,1594
21e326dcd54c4370fdad4ac414687b31,1320,1583,1594
699d62df074309bf7d4efea88ad8004e,9855,9859,9926
06596ffbc47a6ab86af37595fc160fa2,1316,1386,11924
5005784d38a9688ea2b2810f61c718eb,1316,1386,11924
bde30f6cdaacb23aa9bb12da34dc4f94,6196,6198,6211
9f89ece5fd6060c1fa5b5052b2b38641,670,729,731
a5e89c7b3878fb8f668298c5e9dde4ad,670,716,727
18db8239f126dfbea0efa6ecbf9ee8d7,737,1276,967
67a7db37e0f7e9560bda7978ddcdf6d0,1320,5019,5021
102a2f642c773894475cf88c3e0f24b9,737,13297,13691
36e8b13a66fda1b2c01f44ca92ba5df3,1315,1342,9736
856268899f4420e0ca9f6bad1bf9211f,1315,1342,9736
263773693e07b4518a6fbb9c34bb9fad,1315,1342,9736
205ab0d1b291a30bd468c777ee86dab9,1315,1342,9736
7ec6cdb7bf3cd2fb9921a231b36e2c81,1315,1342,9736
7968f02d71a62b3eb0a97d54452712c0,1315,1342,9736
4d4ca7caab5bc523c810820dd989d442,1315,1342,9736
ae4b3f26ec4f0740dbe9bc9d8848ed81,1315,1342,9736
5539a16cd1044696f955f4f9df2db4a7,1315,1342,9736
9bd763a147a1424fb7e0bd7ca6c44c86,1315,1342,9736
ad6ae970de1ec85bc26f35af192e7a7b,1315,1342,9736
5a4a0d4dd1684e2b5960166fcc8e14f9,1315,1342,9736
1cef60963d0d18eeb686ab06f5d65921,1315,1342,9736
5d730d01ce86ac02e0e8205f3fd2217b,1315,1342,9736
efebf6e9fc96a0711d2d925bf6ca2a11,1315,1342,9736
9df51a9a8b442bacd10072a9f1045315,1315,1342,9736
95d7b59fed14fdf88f71ccc4e087a364,1315,1342,9736
da169564f1a7361c031b57af6b94d323,1315,1342,9736
13ef114542a319c348d5c19c3abcbdf0,1315,1342,9736
222268093421c0cd5313e04634c86c12,1315,1342,9736
f0cda2dee693a366e9236064dad22e21,1315,1342,9736
a77d8df72d44c01639c9ce94e0cf35ad,1315,1342,9736
1570c7b77deb22c26a07f4c7f2894c41,1315,1342,9736
64cd57f930367a34c73496c091683e48,1315,1342,9736
68a51c86f4a5c30ac0365974ee94cdd0,1315,1342,9736
d72e4e0e3f10167aab2dc605b19aaa8e,1315,1342,9736
2ae57c42722290f1043bd3fd37240eab,1319,6313,6316
0a44e91c88b15c7f7cfa70f1b5ed435e,1713,3263,3394
9dedd7bedb018d16edfbf7f9750ef886,1713,3263,3394
4aad6fd2716a0818df1e111ddac0b15b,1315,1343,1356
dd527efdbf520cbcf3260bf0209d0664,1315,1343,1356
d5958281985a59156cb6288a423921b5,1315,1343,1356
96dbdd671bfbf26a785f252a0271bc4e,1315,1343,1356
f79897d673e165447454563aae5eef4d,1315,1343,1356
fb0bcf6bf174f3c090f876a31b944dbe,1315,1343,1356
79751aef21d3605c5c26e06d23c49a60,1315,1343,1356
e654e5de3915a54f9e4033f0a26fb448,1315,1343,1356
2b8a7cc085594eaaa0651094c592bafd,1315,1343,1356
1ee7e7bfcddc2d6bf520a57c29b397e5,1315,1343,1356
776274c6cf65648b6a7a39d95d4abe13,1315,1343,1356
0e1d1d763ced24aa07bf41cb002a9bd2,1315,1343,1356
b47d8d91fba2fd563c26ef28db2e95ce,1315,1343,1356
60a5b27863af6865e9c8b8e375a30de0,1315,1343,1356
555dd8f9036e0d9343b512beea9fee8c,1315,1343,1356
eb487ca76442f0f39a1e3a55cf02533d,1315,1343,1356
3f718fc508cdb26d091922b18690b76b,1315,1343,1356
302f466f0c4fc3e2c27f7d2ad1fc618a,1315,1343,1356
fd418be3116cdedf4026eba1dc98cadd,1315,1343,1356
de72d187c47c38e6297488cbb0b4560f,1315,1343,1356
571b0b49cae330dfe6fb9b28f5b7d7da,1315,1343,1356
da6fd434edd8845206fb39ed496f5ae1,1315,1343,1356
f6f9f62b553fb7af2ad2a616b0da5e4c,1315,1343,1356
489e89da177cf8f1656b6b5f5e734503,1315,1343,1356
56351211289bf79c29ef632e14b60752,1315,1343,1356
efc7d85120f06b8df2dc69a0d99621d3,1315,1343,1356
f5837792d688cd23650da6e6cc80615a,1315,1343,1356
0efbe31cc2b20e6e917fe3ac7e334a67,1315,1343,1356
1a1388ab7568038dda2ee73dd0112cfb,1315,1343,1356
954b93ab4835d06c8f990d4108b765aa,1315,1343,1356
dd0996812f53e20aa8d8ecb39e99fd32,1315,1343,1356
85934e97558a3b717bc44a53d92a0a35,1315,1343,1356
6e516fdeafe1429c763948d317fb127f,1315,1343,1356
c1056b1e938e5ff970bc569b9354d5d7,1315,1343,1356
b4747302bc5a0faea7120fdddcbc9bc7,1315,1343,1356
ac8cd1fb1513cb7b1dd2b63e1c1eebd9,1315,1343,1356
ee45ead5d7718c919742ec5966e2cf6e,1315,1343,1356
d2c7fefff192d584fcb6f4f9f80814d4,1315,1343,1356
be37b4419ee7e4c5cfbdc813c37658a7,1315,1343,1356
793dd9ea1d825f54c4df3bccb5cb04b6,1315,1343,1356
421de0c1092e9cf5b1f5eda35f3bb496,1315,1343,1356
1355f5a4ae736dd55a682ab3c95095b6,1315,1343,1356
9f4d1e6fbb23604f0b4a00767c01d385,1315,1343,1356
53b5246a7df3702b66beb758f55caab9,1315,1343,1356
14a21466022aaa8bd20f0e47be9ebbde,1315,1343,1356
6beb4b6a9decd78351b4939ab60535f0,1315,1343,1356
611bf794e5fb952ceaf94b932b0e8de2,1315,1343,1356
1f4d526c3b0c56765a3cbdde9aa86141,1315,1343,1356
a78e59fa86ffa8d6ac8fb30695fbfa5b,1315,1343,1356
fff8ba176c58a73969719f1200c27829,1315,1343,1356
bb581fbd40355aa14519e78295726593,1315,1343,1356
fff1c7b59f423aa3a05467f30143d55b,1315,1343,1356
46781f5a48504fb3e6b6814cdcd4d7f3,1315,1343,1356
aa96b7cdc42761c81892b1ffdefecd52,1315,1343,1356
1ff0ff9cb081c91eb425af3af6e43a32,1315,1343,1356
9cfc79f0a17ea2893f412e78eaa642f4,1315,1343,1356
8c0e0abc22d299d3e553ebf2320836a7,1315,1343,1356
55b3549440f0126092faa83e88507e67,1315,1343,1356
0295ae6f58e6bf3476d33a1f5adc5acd,1315,1343,1356
77c80e555f08b8019924fa576abcefed,1315,1343,1356
56a6b497faf40a042e10eebc87347416,1315,1343,1356
7fca5dfae47e7b8f21cfe051034d4e57,1315,1343,1356
4e8de0eb089ba6c9a95f6f1cb88c92ca,1315,1343,1356
1bd8f67d8a9adb9a74f9ada0dd4c02ad,1315,1343,1356
2889a6e2393f9dcdddce623f9132a9a4,1315,1343,1356
bcb4fcaf0d4d96abb245dee8dd9b89af,1315,1343,1356
446313066675c3728a9cab07a9b8378a,1315,1343,1356
4df0ce328874e5bad8e92d066e4949f2,1315,1343,1356
6b265ceffaab6a74fa3e20aea78a6fd6,1315,1343,9719
3733d6e261764185db2fa7eddf5e0891,1315,1343,9719
d39fa24a3a6466486f2d5ef5cd313fc4,1315,1343,9719
ff458f7e94c4432a5a6c66d127a3b915,1315,1343,9719
2d16d13ea50ebd7a13971c3f3ee4b244,1315,1343,9719
291d3e054d831fd0e82eb0f27bf288d4,1315,1343,9719
1206653a9b132bf341373141ab239370,1315,1343,9719
db686da63f8960527280e81ed27e36c9,1315,1343,9719
1cd7e53963c588c0496f0e87c729aca6,1315,1343,9719
bba42ca91b60ed092d2bf2787931ddb7,1315,1343,9719
00fb7dd209cbb034be941f8c07381332,1315,1343,9719
fda045cd8b764b7e7b88dcf581ac3c06,1315,1343,9719
cb94736adadeeb68037da9abfbc32097,1315,1343,9719
de3eb779bb56e58b76d589970e3b0c4e,1315,1343,9719
56fd6ef2b6624ea1b40d7a985543b4bc,1315,1343,9719
5d8a2660297fb334575be20b9e3b4f59,1315,1343,9719
165cb699fa351ca673bea94d068b2077,1315,1343,9719
d6f0beff41fba92b13ec82424adbee9d,1315,1343,9719
1f1905cef4c731b66915ea42e2e772c7,1315,1343,9719
8d2a576dccf393ec482885d03ccdb9c6,1315,1343,9719
60abc886331f93d206c6c055ab9e746d,1315,1343,9719
b4313d3b4389b40cdaccd1aa943f59da,1315,1343,9719
1e59ebdc0418c5b321093f99ec720bb2,1315,1343,9719
3336de63f6f4e343437f703ddb08e829,1315,1343,9719
db7839e173e66ac1fb034d59c0578685,1315,1343,9719
e760b26dc914647bf055ad9e27f9d6f9,1315,1343,9719
1ce8734dca367abe07d3e9157f499a8f,1315,1343,9719
3dc865ad6c2c89e4a534b0590fcb8241,1315,1343,9719
8023a5d202dd85daee838d2211f99b67,1315,1343,9719
d3ce1939c4ceb2358d59c06343b4af6c,1315,1343,9719
764c50e39dadb4cdfee39b7968345d84,1315,1343,9719
13c0e305a1b199c8c54c4705a6738548,1315,1343,9719
adba1c11e8f937352b0cdde3f05172ad,1315,1343,9719
9c8e18c959d7fb8f3aecf43f047a6453,1315,1343,9719
37abcff1cd261abad3f2b1f3eb9b25fa,1315,1343,9719
94da9e6bacda870cf0d1c1bb3dfd68d0,1315,1343,9719
0a89e437cd0adcedcf780c5d7b26c63d,1315,1343,9719
57f8a653920885442dbe21e5e43e9fe9,1315,1343,9719
6c80712e5d475f803acc933fc7a99f2d,1315,1343,9719
8c13c19c10315d825513d932bf4f0085,1315,1343,9719
4d36fc1c4f5ab9111dc881257f5cf249,1315,1343,9719
26809e090831e8910508cbf29eab4e2f,1315,1343,9719
373581a137ab453ee2da16712a2274fc,1315,1343,9719
cda1455ac7a3a8801b62828d6be0b7f2,1315,1343,9719
0fc5b66d7f1372f39d106b7fdead2c0e,1315,1343,9719
442a415938f414ff857e233d7d834b0c,1315,1343,9719
ecaed5280db2e6cf5f9ef49f9212a919,1315,1343,9719
0253a19b3830322ffda56040f74a4863,1315,1343,9719
9afaa4aa093a0ab129f9b792df7b41d1,1315,1343,9719
5ca3d193fb6db8d0e9d5ba3c981003fe,1315,1343,9719
62cc6010c533a752a3c1056a26b173a7,1315,1343,9719
225de4dd77372571cefa87459d55491d,1315,1343,9719
797b0920a25c06aa7bd885da07019a1f,1315,1343,9719
a293d4dc0ed15b54ffeae1b95c6e56a7,1315,1343,9719
bc9a9847a1d9c97d70b1311b88e86275,1315,1343,9719
5abf95c7e46a6523e408c72ce93f12a7,1315,1343,9719
62f89e4b0ef8fd6b9ff6400f5a29ded5,1315,1343,9719
107614a28e756dc0693da40a3aaec281,1315,1343,9719
95bf146b441156863abb3f73dd609dea,1315,1343,9719
9bc0aa1ac485fff00df93b55b32d14aa,1315,1343,9719
9da2906df900b56fd35c615187fab3d5,1315,1343,9719
5da38ab78a01698e45b5bce4a47c54c3,1315,1343,9719
65c34f28f199e255d644818cc5aa86e1,1315,1343,9719
6a146e1cf2755ce22c9e6ca8fe0d29dd,1315,1343,9719
3795dfe18d74729181a12fe6e3e19169,1315,1343,9719
f45480d1ec1f875faaba5a26459aebca,1315,1343,9719
48676a08633d3fbb4d1045f42b730774,1315,1343,9719
67896479d8df576b20507f715c1a27e0,1315,1343,9719
69cb3e0df7e819bf384dd5da3fc2993f,1315,1343,9719
ff935c48b18a4f8848b4d2945e27351c,1315,1343,9719
00a65e7f4f8f8982908fee1f4ef2b831,1315,1343,9719
7a7bc29a3cdd79de64ef1e45e109647e,1315,1343,9719
bbb2e9e22d8b99062dbc598d2e5223a0,1315,1343,9719
6f1691ae0c441553d1830c5fdefe79c8,1315,1343,9719
9ec561b99a31d55a91db36eec26f2710,1315,1343,9719
fb24c8e07e74c70b0e5053db191e33cd,1315,1343,9719
8e4a5be0d39efd2adba28588430e06b3,1315,1343,9719
1992958f31540befd95048eff018119e,1315,1343,9719
632aa652b74ddb738f8060f220b2a59a,1315,1343,9719
761af9badf75b72bd88caef263d14a9f,1315,1343,9719
cbde47e6bfa67805d05db25c9e8cab74,1315,1343,9719
caef92fbd8e51b9f22750f0afd03aeea,1315,1343,9719
ba2c2502053d22a5b73f045f5ce8a398,1315,1343,9719
33fa145bd08402275e2ace5aac1f8869,1315,1343,9719
06a45781b9d5d32084c014ab3a86c9f0,1315,1343,9719
426f26169165f1694b8356dbc7d63ff9,1315,1343,9719
724a1576a3de592d32df892c41343685,1315,1343,9719
99251eb1ec50f37f065a5ec66a24db0b,1315,1343,9719
96f28fc5bbe6c4e5418420b04f72a6dd,1315,1343,9719
1a5d210c7eae500e2c124003fcf7b8ae,1315,1343,9719
756a3ab37553e119570946f11e0c85b5,1315,1343,9719
c82fa5fc4511030ef30df8c98c39cef6,1315,1343,9719
9c03acca2a33f19ee97080d0b8061b0a,1315,1343,9719
72e8f377a07730c27064baf7887fd797,1315,1343,9719
7593c6b9473c4f2081e7e43140ee00c1,1315,1343,9719
2b93dd64a29eaecb5ddfd728edf9b149,1315,1343,9719
779eef1d9efedc3bd624e8a87f0274c0,1315,1343,9719
39b7e92a76f48dd2c8b06353d7a30ee6,1315,1343,9719
4add0e70cc2aa36e0f67e20ff4333238,1315,1343,9719
92b12a6200c8107bdaaa3f30f8801154,1315,1343,9719
a17e8db52ee3f01a6827635d4203acd8,1315,1343,9719
e7c9c20f03b7be42afb59e5332380b40,1315,1343,9719
8739c20af2f47699bb9d2260b187568b,1315,1343,9719
323ccd2f5243728e2a797a75f9a392dc,1315,1343,9719
805fabb4f35bbf1618f16bd77178cf16,1315,1343,9719
f629d935687bc1232025d2e4f28aa9f6,1315,1343,9719
278a7b2c27c23b3c11861b5a8bb3cda3,1315,1343,9719
8603568cf59635036000853a33eacede,1315,1343,9719
73fe0c38e2a86681ab6b4032e4998f31,1315,1343,9719
88a6f39eb85dd02b04556c90128ef201,1315,1343,9719
ec0fd0476da6477164a83c0b7b23b834,1315,1343,9719
1572fb986696ed8a8a6ed71ab9cfa7dc,1315,1343,9719
0f45d92125c675b0b9f302df59ff4e55,1315,1343,9719
23b9d07d081ba463c9d8f0bbdae1a485,1315,1343,9719
cb3cc7b7f3e6372af0da56fd6fda2eb8,1315,1343,9719
84338828a663883f9a6ecbee27256a11,1315,1343,9719
633d294872c1ff227ae8a3b2eaeec5d9,1315,1343,9719
3aee667e55ae878b2a719ae9075e094c,1315,1343,9719
5018cd7a6326a421360c9209e1391f2a,1315,1343,9719
0d1a86e2319aea024c693beb9ef93a98,1315,1343,9719
4a095a5403eee92d2f4bd8e86dfec713,1315,1343,9719
63db422c13b3a60cefb3ab3fd5b71f56,1315,1343,9719
fe64f1be59645207eb7217e21b626523,1315,1343,9719
539e2929d9df015dd2dd70f620b5b1b6,1315,1343,9719
cad14f3699ed49a0647e0d115019e0d4,1315,1343,9719
28b495a0384841ae0f90a42d01faafad,1315,1343,9719
fb80b8396cc6b32a6ed28dce121f6ccf,1315,1343,9719
2b4be6e0e87acada637cc0909930a3fe,1315,1343,9719
bd3e43007cc909d2fbbeb40186bfae4b,1315,1343,9719
75275385c84d766328b3bd388e60d1cc,1315,1343,9719
a86f8f0d5fca65da92f0ffb77df9ba20,1315,1343,9719
0f88ddbe97396795ea54cfe907b345ee,1315,1343,9719
926d8852d951b74e16b5a05e98109c4e,1315,1343,9719
0dc76e4627a7560efbcefb634d8945c7,1315,1343,9719
9cd5325d64494bd229413ed5b83eff9c,1315,1343,9719
37a0678f4040fcb61f0f7d4b186734e9,1315,1343,9719
d6da248aeaf69b2cdfe2cf80d83c4ccb,1315,1343,9719
7d69181d571157355b980de1f2d0525a,9855,9858,9921
a78cf860dfac6227963c513a2dddbc38,9855,9858,9921
2692cef78deb3fb2d0bc8a7cfd09d145,9855,9858,9921
a8dc9789f7ec379de7bbd8faa7a3c509,9855,9858,9921
88fe7a74ab01ca4239254015b124f454,1315,1343,12000
7e8b019972c6da0c139c73fee7bb3a19,1315,1343,12000
3b15be23b62220af99cf54c287d05cd6,1315,1343,12000
e3623c42741e946b4b0e4395b7294b9b,1315,1343,12000
24220f348900e9a644a68076868eef2b,1315,1343,12000
fa8bb7d98e8cbf4c5e638d4c995b820a,1315,1343,12000
b7af778cc3bf1aa32a906ece290cdfe8,1315,1343,12000
ee82d42d6759130a8932c573e4a94f6b,1315,1343,12000
2a5431b1b30d2f71cfe964a84da343a9,1315,1343,12000
2cd87f97bec85c2186a4e21976f005e6,1315,1343,12000
b7c75f6bb2b3339627d8fb0be1323db3,1315,1343,12000
47beecf7ce51839b20ed613f43f2a817,1315,1343,12000
72d0d0cba84dc61f3f59aa4ca711d236,1315,1343,12000
5918e7ad2fdee334aadbf7c813014f73,1315,1343,12000
d44c6e482122fbb26e283de42e1e99f5,1315,1343,12000
384ac1af9d381059f6ad9ab56b03d3f4,1315,1343,12000
f6a8ef20ffcdbcd6b674731378c98cc5,1315,1343,12000
6c7409371012df8ca9ef1a19479c591b,1315,1343,12000
a4367a4584284082e416b61e29480deb,1315,1343,12000
4cd3a23ac392717ff51d6a314823a100,1315,1343,12000
22c7aa069e07ac68f34b4d96f8392939,1315,1343,12000
9c946f45f8ed16f1954464e928e24577,1315,1343,12000
a46b67460b1155eb5ee5decce6c136bd,1315,1343,12000
8b2c12e9946ddbd1e41f2fd2f61328c0,1315,1343,12000
b2ca7e642b733c10a820259404ecac47,1315,1343,12000
9d16ee2053e1897b09fd163cecf6c466,1315,1343,12000
9931263ce0e18a533331cd38b2533c87,1315,1343,12000
340496dac632ec984f71e293bea6200d,1315,1343,12000
ec89a51ce1f6ab22b196a0a4664ba9db,1315,1343,12000
1fa53f1822e9f84c1282871a713ac4e3,1315,1343,12000
a578aa062c2996cd287b4946f22bb899,1315,1343,12000
be2e237c1d4af43b6a66dcd939c2f48b,1315,1343,12000
1aeaa54e8ba944c1f2df61166266f272,1315,1343,12000
850650da30e47f070928de1a8cbe8600,1315,1343,12000
3151cc33c5676a9ab33e4037574afd36,1315,1343,12000
29778bbaf276ddab0d74dc8ca4047dda,1315,1343,12000
a4c67a6cab144e60ceeb5f7c19dc8cda,1315,1343,12000
b0ce3e04b7c208dcb380dc2ae950f279,1315,1343,9717
1d72bf35d4d9b935a2cfd739eab990fa,1315,1343,9717
4e16eb97efc69d2eb363d2b23ab69d9c,1315,1343,9717
c0858b2ea52be24feef72777e6337010,1315,1343,9717
5e93d762915072043c9d919e333f2b7e,1315,1343,9717
786ecba72120015fc8a3806b23c46631,1315,1343,9717
45fee13f4a36182d68b78f62ca202a06,1315,1343,9717
3f835899cc1cfbc3ee85fbcbbd2ac32a,1315,1343,9717
ea2cb0329d4e2fbb352f0f326d7f620e,1315,1343,9717
86f6724cb09cee2368af254f2507f39f,1315,1343,9717
f25c0163d110bf2465086575b8808eca,1315,1343,9717
a9b18c08fcb4fa6fed34af88b30c222d,1315,1343,9717
f4074b35fda71313bcfdba0817e3f9a5,1315,1343,9717
71b6987b469a238b9e05457402e1dc20,1315,1343,9717
24921c11437f352497b997777a0a5689,1315,1343,9717
656ce997df0b7c465e1ceac42729eeb3,1315,1343,9717
ba8eb3a354aa48682b9185515db3d2ee,1315,1343,9717
0683e9b11263b638267e8738d2f54ac6,1315,1343,9717
3696bbf5b3c7246887b0520c2bfc3d03,1315,1343,9717
45879e19743740eefe6691c18f8b1c22,1315,1343,9717
2a974eb4c695b7b29b4d9753fdf1b4b0,1315,1343,9717
f8200d29031f872408769e31ee84dacd,1315,1343,9717
77f01fcaead0b137a7bb5606d3ffa157,1315,1343,9717
534b925a09654dcdc60bee38f093b50a,1315,1343,9717
1f1fcfdc33e68a309c7cbdefc527ee0f,1315,1343,9717
564e6806e926b4585d7f65ed21cb6639,11729,11730,6908
ab0e08e8d2729f6f13163214cea924d1,11729,11730,6908
d305424a70fff0e56736cb789914d293,11729,11730,6908
d083f6537ab665be095b097c68b06e9b,11729,11730,6908
73d69dbc053d7cfe2c739237cdc8614e,11729,11730,6908
7b50b6202ad8993b1184d4164dbe4ca3,11729,11730,6908
e6cbac35d590b7e32416ac0cf912ce53,11729,11730,6908
598f14dbd293c0e561a4a1ba80b83640,11729,11730,6908
d077885781324d5d868d9c6b6a5ded99,11729,11730,6908
1f21f1a233199d97c6309e4c2cc1d20d,11729,11730,6908
5ffac470d21a6898053528b08aae5633,11729,11730,6908
b0ceb05d0e2e5bab61993fab897d2739,11729,11730,6908
dd2a92cc52a14a7cec879a1be9f4aa1b,11729,11730,6908
3da52d0d7489d1675d836f3b25d5e168,11729,11730,6908
4ba950aeacd72c035f12bda65e272e46,11729,11730,6908
0d2b945d3b7b35c30a177a74cf1f6222,11729,11730,6908
ac362e086410e10284bfef87651a6163,11729,11730,6908
e37c5470a5ce99ef31fdbdda75beee7c,11729,11730,6908
d201a482d449645d0201fb262cefe499,11729,11730,6908
96c2254ec4beb8b513ec635151dcbc9c,11729,11730,6908
342861e01eb54a8c1fe8167257211015,11729,11730,6908
8403e00b40002da064150c780cc6f233,11729,11730,6908
67b8932792ba20a48053cf0c105ee0b1,11729,11730,6908
06c9ab3a49834fd3b65b36673e14c03b,11729,11730,6908
f2daedb9d3fdd4ea0272ba0228ceaba9,11729,11730,6908
9e6a61099a410a8290d4a0b4a4b986f5,11729,11730,6908
85913f414d4d8bc3eadba21a09b3c3fa,11729,11730,6908
a18f60f4c2815b31613d2905d5e65721,11729,11730,6908
a1d0b0324a2eb8b10e381e16ec92a9e6,11729,11730,6908
e7110bdf0d4fcb2d939feaf859a315f1,11729,11730,6908
021b24ff1783044ffb12af3e5da3ec80,11729,11730,6908
15059dd4b831c92543b396b91ccadb7f,11729,11730,6908
19f5d5ec087cff086b895e43ff2ffce4,11729,11730,6908
6cf620df09c0ccf02fab912acc48dbf7,11729,11730,6908
ff6a9a992fac6ae1305c50a82d5d94c2,11729,11730,6908
f454757fe687ffe78b6f486cb81f7ee9,11729,11730,6908
d590fb297a6c2ecea27c8b6cb519a5dd,11729,11730,6908
035b40da740f4e7d768d24365aad6f7a,1316,1384,1405
4a8903b827800507b0295f27d52dd59b,1315,1343,11993
379139ef3c1a32197e2d7c0b9cd1c859,1315,1343,11993
55717b484526b92d749b609f555ffe2b,1315,1343,11993
9c21a80063612ba8982187dbfa7bcf9d,1672,2577,2589
1977d3e0ee1c210116e4fe40ebc9e7e5,1672,2577,2589
5f947341249a9fb8ef2a6fc92757d042,1672,2577,2589
89d49257b1a4354c1066f5b4aa63f679,1315,1343,1355
e0181b333010b097355011a8053ed41f,1315,1343,1355
a8ed94bb8a1d63d63ecf2f6de98c9f99,1315,1343,1355
c3e96f5c917af0b8852f96f0c893d042,1315,1343,1355
267c4db114f2dbbd33bdc06fb15777e7,1315,1343,1355
30e0d40626cf5e61f2bf505959abb568,1315,1343,1355
9f272e3b98cbe32f2bf9d790921814e5,1315,1343,1355
bfeef402444d540c734b9d8aaf69bf86,1315,1343,1355
a53ec20a1772ebc0a5074303a52128b0,1315,1343,1355
244429c5f2af495ecaad85c964b0b432,1315,1343,1355
be3ba2a368c1de537523bf569e804101,1315,1343,1355
21aee8bf44ce31227169e4c0c399ff6c,1315,1343,1355
380d90ec580fa0b1eacf2e6f650f3dee,1315,1343,1355
21248cbaf5ad25c0cbe0d5b56befa46e,1315,1343,1355
fff4f40a0c33cfe9991d25b529d60298,1315,1343,1355
5d657a483c94fd67779e5ed32de5c195,1315,1343,1355
31db82208effc3d2477477d45388547e,1315,1343,1355
9dbed94867d65773c603af85f5829124,1315,1343,1355
18fe21a2671f53ddf4c76f1d8932f24a,1315,1343,1355
beca73279931ea276041e5d9121c6ba4,1315,1343,1355
6033a75b68d75fbcf034167de050ab55,1315,1343,1355
dcc2ba01ee4618be31813c97caf2d782,1315,1343,1355
b9aee8a765b054b83a321768c25f0930,1315,1343,1355
2cb6102d399fd8b4bcb25f409745e82e,1315,1343,1355
e436bba0b884cb8c2bf28b4a9047ad0b,1315,1343,1355
edc401dc9dbdb06a9c619cc711401e70,1315,1343,1355
f4699230b08fb0525accfb8bb1cd885a,1315,1343,1355
fca52c093c07766f7719a97d30a6a461,1315,1343,1355
b8e1ab526d802c478a922b1e80d819f5,1315,1343,1355
c5fdfa9840c4f2ae7d2b71ff2b08863e,1315,1343,1355
a105442aa4804d63002d402c5b53ce1d,1315,1343,1355
8f9b5577bca95d83b7925072cdd1020c,1315,1343,1355
3b0f2d31edd4baff971470657a36243b,1315,1343,1355
095373a0962e6e6893950cff0b4594dd,1315,1343,1355
733cd2c18bf997384fcaef59a6241413,1315,1343,1355
74173e40d8415458b963ebe57b5e2580,1315,1343,1355
7d8df1312c07f461c71b25285569c324,1315,1343,1355
da4c80851e0b728b9c22d48d45316366,1315,1343,1355
1d1b9da8bd8f6c55f9d285ac8ac20a28,1315,1343,1355
45b4f2602825eaf15e6dd6def95c5632,1315,1343,1355
400fb8b36a3bacfc883a982cf4503d4b,1315,1343,1355
b9324781e125cd2a837cbb5dc0055191,1315,1343,1355
e1fbdcad26ea973cebf095f62478c8e2,1315,1343,1355
7ecd3ae2eeabc7c7087e52af1f28c5e0,1315,1343,1355
3c815cde127c17aeb57ba6e8ae4282d9,1315,1343,1355
b7bc10884bb4bcc828c3eaffe280f889,1315,1343,1355
569786ba4c0b10dd150376248f1f7c66,1315,1343,1355
ad8f8b9d658468d484991caf2774f4f4,1315,1342,9732
ffc54e91988808666bb8024a1b8f3fae,1315,1342,9732
9fefc7d4ac83b6e02e070df7a16e11a3,1315,1342,9732
c604ff379232a6881f8327fc96845239,1315,1342,9732
1cc38ef7764fbf67f7e8f03886ce701f,1315,1342,9732
5acd3607e5633534c74c58ff9dd32963,1315,1342,9732
8d7d8959eac757d49ad2f38990d34829,1315,1342,9732
e879868e5a125b1fe1578ccc77e66e94,1315,1342,9732
7a457372666b4f6b5fcea321ef693a6a,1315,1342,9732
e16f477a5a01a58ba588a36f4a8ebfe0,1315,1342,9732
8553bc70aa0616002afc9a262af565f9,1315,1342,9732
3602c59cb5ba6ecb7f487f4d0aa71d7b,1315,1342,9732
991accd45c75df1c7396a5427fb26b21,1315,1342,9732
8188687acd71f0bedf0933b9f54f8ed3,1315,1342,9732
9876d111b884bd3e48e5cbbbc11eef2f,1315,1342,9732
790b5d7afd3dcef109819365f961b44d,1315,1342,9732
8e87eff40ab5ac0cee88f198d49f623d,1315,1342,9732
32a01788364164c31a7a181af1fd7183,1315,1342,9732
6494d9eb2cbcab21ca1b44b0fe501719,1315,1342,9732
7b18f00402f1dfe19246f300f56f7d8f,1315,1342,9732
cdae4156479de88e8c04ef3b331c47df,1315,1342,9732
2e62d89e7424ebd1d6300731fcb49b4f,1315,1342,9732
60d93f1f0c0ae02bacb6322575186057,1315,1342,9732
74038a22605e2c432a5e1f1d1c045db1,1315,1342,9732
ad983f1fd61cfde0caf43fd6c9a330eb,1315,1342,9732
82a74ef01cf6556f128f448b78b9e165,1315,1342,9732
78cd34b4358c1f5f39acc2269d5c7cc5,1315,1342,9732
ea40fc28eaafd456f01c895c55eea722,1315,1342,9732
1aa99788baced0d43fe90181297b23d8,1315,1342,9732
770bd301ed895e8ed11aeccb5c8a9032,1315,1342,9732
1211d44a75d401edb701af102e7758de,1315,1343,9708
ee4115b4eb2b230857c957aa2e0b7132,1315,1343,9708
7490ad02ec1b7175c632ada49c87ee70,1315,1343,9708
c5b8abf2bf6639410053ec91dcf761bc,1315,1343,9708
40288cec164f92862162c9f08798a9f7,1315,1343,9708
773d2aa1e191ff35ae520138833f18e0,1315,1343,9708
5a21d79dbe82b8bff9a87004b2d8bbe3,1315,1343,9708
29a654bfe7bab88da6c6f916f77f46d0,1315,1343,9708
422e478ea81ef34c57ab741df5ce0eb2,1315,1343,9708
83bdac0adca82782d25c7421e0ac3877,1315,1343,9708
434306356437b65d50d1075aad4bbee5,1315,1343,9708
523b199c84ac34f9ee187db8663c0310,1315,1343,9708
cf4f9eec08e0c928fec5cb126ca34d3f,1315,1343,9708
07098a44312afb27f9aaaa9ff52b0e8b,1315,1343,9708
80101aa9118832d66292270356875a10,1315,1343,9708
9eaefc4aa1dd1d59bd76e760cdda5dd3,1315,1343,9708
ea66cb6201eae55aedf07e0f4ff8c8e9,1315,1343,9708
6d5edb1ca6e958ca3c2e0d6f7c27b3a1,1315,1343,9708
cab5dd92a30a35c8feb75219c39bf7e3,1315,1343,9708
0c1896e6d3d6bfba8cb201c2977962e1,1315,1345,1364
f99eeff8c7b3cb5fe3aa78257ac36a00,1315,1345,1364
c7ae00337245ac5dd71fa09c960d8bb4,1315,1345,1364
a31c2b5ea742889a47005e29aa064f7d,1315,1345,1364
179167e1674a828d3266d33f2e2d1756,1315,1345,1364
48ad7463ff8356fd741b2844c9db23ab,1315,1345,1364
649c517f8abbefeefbfd4bb911de09a0,1315,1345,1364
b71af5f6c76196f00390d38726979c78,1315,1345,1364
cb912665cc9aea157fd74a289014866a,1320,2641,2642
31d3fdab9b85300c1aa480540da345e9,1320,2641,2642
1b83912496e10e33f508822ac955edc9,1320,2641,2642
7df11af8b045b38c007606fddcfcedce,1320,2641,2642
94ed11b94510110d412817461392649b,1315,1346,12021
8eb69cc1fde262e680390079cc44dc12,1315,1346,12021
feb4b26bbedb36f4d2eb92e9fc3ae8d5,1315,1346,12021
c3c3042b2716fcc0895277ec7be7bdc9,1315,1343,9715
d0aa565e2adc35ef7690adf454cfbd2b,1315,1343,9715
684a8ecb3be9652cc378d5d7b5a478e6,1315,1343,9715
976c51aa23bf5aee28a416191a96acc1,1315,1343,9715
822a97db1c90638c018cc53758ba5f0b,1315,1343,9715
7af7d6512f7482076dd1d3dc2a6ce0f3,1315,1343,9715
f90c4f8287695aea0a97cb146c4de7d0,1315,1343,9715
73784ffd017303590b7cc9772eda7af9,1315,1343,9715
6d84bc542ed0cb4b79217febe93f948b,1315,1343,9715
1e55f9d03db5bc6addae3461be8a1981,1315,1343,9715
8b44b9660930df6eb2838c8bf5e7dcf6,1315,1343,9715
7a589d22ed849ae4f54ae90fb1c40770,1315,1343,9715
08454f42400c45344afd214caaa8654e,1315,1343,9715
35f0452010f1c0d265c39f3177f0d67c,1315,1343,9715
e63d6babaeff9879a4ef059693603cd3,1315,1343,9715
ba9419bb1d71f9d254b2461e4b844f9d,1315,1343,9715
f135b0f1c24a77634b5e701058817d4e,1315,1343,9715
323c220a914d9494da4010db97d898fd,1315,1343,9715
3e1a232c13240d9fc44c9c7c299a136a,1315,1343,9715
c34f7a467830a022c33bd1a77704e46c,1315,1343,9715
4e9b5ed4f25568dac84aace2ab7ca76f,1315,1343,9715
590dad59da75e19741c55986d365c67b,1315,1343,9715
c0df6f6b48130b456ca038942995266c,1315,1343,9715
d4e3b30eb3dfe096d3fd2cf1d839a24a,1315,1343,9715
2e3badaf4e10365858313f71745e61a6,1315,1343,9715
3a2858a9e548d679ab7880753f99c717,1315,1343,9715
12e83573a85c075475ba014ed01b9a7a,1315,1343,9715
72945eaaa5e6423005bc9f349d97e10e,1315,1345,1371
284711b403d7a21e64d3925984206db3,1315,1345,1371
888a2515dd1d2cd49dd3dadf566cc4d3,1315,1345,1371
b54b4ce1d4c522c90b0e636a8ad53e29,1315,1345,1371
944d2de022fc04e849d94e724513e768,1315,1345,1371
b7d645c620d034a02c8108db67ba6461,1315,1345,1371
42644592adfc13325797d37097f79867,1315,1345,1371
c85823570c998860d14710974aa19dbd,1315,1345,1371
9e88a36d5d9136da3af983af3f13f0ab,1315,1345,1371
bc8d303180e1d43844bda8ec7c6ee476,1315,1345,1371
bd28efd00a2eb1c22888ca1f8cf46273,1315,1343,9712
52e3e724324efa09f5391486ef309321,1315,1343,9712
5349214047252153f21fcbc367cec3b3,1315,1343,9712
43e9ace6c9ab0b6f756592f4f5f562c2,1315,1343,9712
7c83a811e9482d3998fba02ba14f4367,1315,1343,9712
5f3d9fcbaa01e3496e17791bf266989d,1315,1343,9712
7abce0a04f17528a3453fc909de73051,1315,1343,9712
6c678fb66899f4c22373d2d1137206e0,1315,1343,9712
b5c04bdc28590d0dcebff8afec05ad96,1315,1343,9712
cbfe7e0ee230c21663c04bccc8e31f31,1315,1343,9712
72ac36d8623e888681bd13b6326c6bb5,1315,1343,9712
25fd9b4327d6cfdd0f585b87e0fda7dd,1315,1343,9712
2f101ad67512f7b9b4e2e20b9fc22c77,1315,1343,9712
51dbacebb76c57934bbef67789143c86,1315,1343,9712
22af2a339eef36a8582a12ec30d7d9aa,1315,1343,9712
42fc3a9b5ff5291fc692e4369e98f494,1315,1343,9712
987c7c9646b119284b6976b385b38bf0,1315,1343,9712
e6b23ab87a9ed06cf5b3414feb0511ff,1315,1343,9712
8006d57fc76ca9fab39c390184ab7ef3,1315,1343,9712
9fa48b7ce375635cfdb5df3762ef32d6,1315,1343,9712
593349ed28f67840b24cb05becfcb298,1315,1343,9712
ec819828f0deea1ed29f88da2ff179da,1315,1343,9712
0c4c6001380bcdfbaf09c64f7a205f47,1315,1343,9712
56950ee2422133e5f2e141e4dd69e63d,1315,1343,9712
fa5ac6e5332d1cdc73ca02f442cb6a16,1315,1343,9712
5590d3e835dc817b53c632a4b93bb329,1315,1343,9712
43a4b419e654a722fef601df920cbd1c,1315,1343,9712
7232db4a3585da77428e8e9a5d94b01a,1315,1343,9712
3d20cc9d4de0b288a55423f657518bbe,1315,1343,9712
f886697965236445e789967cbecfd2f9,1315,1343,9712
5910779f7fd25bddf0933ddda3cf9bf8,1315,1343,9712
cd9e58e79b94710a91ef8da0fab56578,1315,1343,9712
392d702fd0699925aa0b69792fb4a42e,1315,1343,9712
ad5829fb64742ca0d0d97baff45e20ca,1315,1343,9712
d79d9694ea871483b40b1eab25d20702,1315,1343,9712
1d6b00b0aed6d0ae7c2c61cac09bc70c,1315,1343,9712
872731ab646215337a375200942d2166,1315,1343,9712
dfeca7514302935469d9d471a8962c99,1315,1343,9712
264501d622fadfd04ba03658a48c5c2c,1315,1343,9712
7865c06e717f986a4e1bdafaae20a418,1315,1343,9712
494b7fbdae4bf22b43c96b23d8310a36,1315,1343,9712
423224424fc092add1695bf510d1a383,1315,1343,9712
4bb077851e245448d2195bc09e5cabd5,1315,1343,9712
f4321f7705c28d9b45cde2150e5bdfa0,1315,1343,9712
8fc499d7d9888e87c8cae791fb99ae15,1319,1525,7057
b530bf289c55f9ab91dcd704d91379b0,1315,1342,9735
2d2da6bbd971fcd8adc8bf5ebdc75122,1315,1342,9735
6c1b288ab3d56f4b9245b77244188b91,1315,1342,9735
f609df06c2556bfe523c08ad38fd37fc,1315,1342,9735
68e0b1acfc4fffe98ec03eab07e198fd,1315,1342,9735
7a9860ec7bf9abfdf929f31f033dc29a,1315,1342,9735
46345106385ef1933acc0859fe494f2d,1315,1342,9735
8bf195d25cd81cb24778a5c66f11e861,1315,1342,9735
976480eec6702b2387e2fb0c5c2d4103,1315,1342,9735
84c0ecab8663a29637c546c78fed38c3,1315,1342,9735
738462151b1af06834f696a83833d1af,1315,1342,9735
f247f006c88524cb651efa2c3eea076e,1315,1342,9735
652d493b3eb18778950bf3bb84955204,1315,1342,9735
f4b1009ea1812ce97db6d5d5b04a770e,1315,1342,9735
0cd31b6bdd2b9d2287eb54525bd949cd,1315,1342,9735
2d9cc0b1aa08887d1db488709200e918,1315,1342,9735
476fdf58f0a2f69bf71faae974e4a7be,1315,1342,1349
de87745c953bb42ec6ef0c1819796134,1315,1342,1349
c369a383fd7d13a48d496a4f3c7c51b4,1315,1342,1349
dc94d958f9ea8376acf73c7384a6e251,1315,1342,1349
c5af43a097415d6753a3c05312f3ffee,1315,1342,1349
abc78076f27dcb0ed3f9a884e0e16061,1315,1342,1349
c162123845466e46496d48cbca44de8d,1315,1342,1349
6c2593214b4da44d91d6d26d8675514a,1315,1342,1349
4c6e5638242521fc91c2099bfe6735b6,1315,1342,1349
1708b7e0afc909e94e865f11aa9fbf19,1315,1342,1349
e32f07e8360c42930a9205b74a481db6,1315,1342,1349
6c81f234851e5696ea92137a06504439,1315,1342,1349
b00c255c6a8a01aac167e4bbb311191d,1315,1342,1349
280fab54127ce138f285364c144278cb,1315,1342,1349
4aba65f38df8fcfd8279a3162a2a361d,1315,1342,1349
0f22d70ada739170270efc92321fc95c,1315,1342,1349
9403f62301a96e57a4698eefd876e2ce,1315,1342,1349
44e9505276f7a2ee182a2867d2b687ae,1315,1342,1349
ef15f7bf16d41cf77c99370814de94de,1315,1342,1349
e47fc4aa93885e225dc83fcb0d7e71d0,1315,1342,1349
74daebca22560acbeab156082024eb7a,1315,1342,1349
8d009410a0213768c2414e5cf3ba4f6d,1315,1342,1349
6f83df3f12e81f1b044f248e8929f11a,1315,1342,1349
d99f9a3c4047a705f60be372aa7329e4,1315,1342,1349
8ae877771d3bcfa45d894e4e79250880,1315,1342,1349
cb3bbccee8574fb1198f6a5b11374bb0,1315,1342,1349
4337439299acec1e129b7424e4a27379,1315,1342,1349
46ad35db926150e7e6241fd9707c63aa,1315,1342,1349
0e00353e2ed63892f4687a2df2c421a8,1315,1342,1349
00e0436ebf527fcc6ab2eac348c61c60,1315,1342,1349
7daec7e0e94cb9520847b00293021112,1315,1342,1349
9f594541f4cda687be22ba891bacdcd7,1315,1342,1349
27180b0bf0723dc13fb5c2bfc8491f6a,1620,1624,1657
68e42b72668f57868ad177fdc580bc98,1620,1624,1657
0b5722a5f4795a2a8928e0ef0389079a,1318,12102,9765
48ae0678c1cdc29cbdbaf852777baa5f,1318,12102,9765
89314f9e67348ff79e9a32382e3ff076,1318,1463,12111
d433eeb72b28ef5ffe4bf9e8fabbd021,1672,14226,14232
6d677964b78ff4a9040c4543fe2b6239,1672,14226,14232
736327b1e8f0943e31baca7719dc65cc,1672,14226,14232
86b0125a704f9fc7da83ee46bfb9c898,1620,1621,1633
3195327a802bf91a0ddf75202cdcdcf3,1620,1621,1633
7fe2bee8c9fac3c09407e489c61e06b6,1620,1621,1633
78c2a6ae5b87d5f9aba5816076f5073f,1315,1343,11985
fe197c744124365c8685ebcc48c0fcde,1315,1343,11985
50bcb80e7a637c833c7f1bd1adbbe54d,1315,1343,11985
0b5f58bba30dc87879351cc5a719b433,1315,1343,11985
aaf98bfd1fbfbe33df4aa3514f6217f6,1315,1343,11985
adf333469579ee89da6a3cff12c309a5,1315,1343,11985
fc9e89665c1d9cb434e80e1884d07d25,1315,1343,11985
9b64544f3e3413895a00d4f0619f5c61,1315,1343,11985
ae32e2f827cd3b6185179a4181d2cbf9,1315,1343,11985
2f44ef86da75212ec2c444761497d997,1315,1343,11985
d2be6372f9fd4db4b92bf82c15d3596f,1315,1343,11985
ffec8b3ae469fbd31253e3995d0f328e,1315,1343,11985
c674c453b5baadacabfbe9e4ed6041a1,1315,1343,11985
1cf7e59de4474aa75adbfd55c6dc1860,1315,1343,11985
4ea9089ae3ed9558af087747deecab3e,1315,1343,11985
5927710c5ecbb787830fec2a2bed7896,1315,1343,11985
b0b6f3d8a94a38e253723493ef9e636d,1315,1343,11985
4c9f32cf4c15e6412a2dc777af03ea11,1315,1343,11985
14a372bdb6d69fefca1e011c55b77122,1315,1343,11985
bcac17b06491afaabc588aa6a8cb1ce9,1315,1343,11985
c86879009b12090dd89f40e2e687d2ec,1315,1343,11985
9a94aae173133cf74e64a6569a0f66a9,1315,1343,11985
e482d9735bd065d8617db6dc489dc888,1315,1343,11985
d4424826142304091b4e3bc8333bbe7f,1315,1343,11985
155e721a7c57a19cac39d01b0e399db6,1315,1343,11985
e8d4a6f8e5ff4839687792d862da96ca,1315,1343,11985
cdc48f3beeb7f06a4a83a98a7cefa98a,1315,1343,11985
ee1ee9073f11b1b06a8c4c4fc1b9228f,1315,1342,1350
3d55e8f2b4346de397ac9bac885222e5,1315,1342,1350
4d50c956a7daf0fe14f693a2a43e6871,1315,1342,1350
3d4a4265b0d5d4993af9025ea3c4a1e4,1315,1342,1350
bf390b603f96837ae74e067566c01cfc,1315,1342,1350
2cbb238c45a84a8cd66f7798daaf4763,1315,1342,1350
547e292c9146fcf8ca6da52007d8f515,1315,1342,1350
8ab1cabd1ce4507b0a5587a7d610a26e,1315,1342,1350
955281f03d2d3be00d528328d4e38820,1315,1342,1350
ed35b5662116847502cf072df9ecd4fa,1620,11158,11165
75f115a8901ba5ba75395b7b27972a0a,1620,11158,11165
522eef19126ecf87365d478701f203fe,1620,11158,11165
ef551fdf32a4e119f9b2922af3d89939,1319,11842,14936
78d52f13c224c31c9818a0d4cddff243,1319,11842,14936
748a89384c3c433c5fcccac7b82fa30f,1319,11842,14936
6fd0505c91f5e3e307da0b77f6338359,1319,11842,14936
802c88e641004491fb334bb2cca6c197,1319,11842,14936
f68f4cf1c179862980a8cac9d3517709,1319,11842,14936
d9cce1144b9a8a8789b3d5c0ba113604,1319,11842,14936
50ba8051bf6fe399dd69d8cedaaac390,1319,11842,14936
8d6a100b937c75d7307d13d5e70ff9b2,1319,11842,14936
0eef8754ff2bec403f7a4d8841d580a5,1319,11842,14936
4458132a1a3fdc259251a8a97b948e50,12473,12479,12583
483d3be6c30aa53e67221159fa62c0fc,12473,12479,12583
2ca33ed3b6de8ef4625bb42bc45e07c1,12473,12479,12583
2d99d0b8a9bcbd03450c519561287794,12473,12479,12583
1761eb6d1c2802f57be46f0155e0e97e,12473,12479,12583
2e92855233cfeb81d7780b855c50416a,1315,1343,11996
f95ae0a817734d475a86178625295074,1315,1343,11996
f8eb64c50d60b10b69f2ac06447e95ca,9987,830,866
a9cd7607e60c64d46557d68b285f22ff,9987,830,866
9e04518f1e6dc07543b3ca869f288d4b,9987,830,866
0aa2600b2181b905d5f3edddc941da77,9987,830,866
9946c41899469e42a870a213de14209b,9987,830,866
f85d2baaf09ae1b676e7cbd40d8eeb9b,9987,830,866
9fb5bfdcec1d9bca7f5f858a5f6c901b,9987,830,866
512bc3381a80c24cffff699b15d0e78b,9987,830,866
26ea125df2d3578bad85338e33609645,9987,830,866
e657493e59cc434c48c7679801e6ee5f,9987,830,866
24a0a5cd13b4ec5c1b7f38fd25611673,9987,830,866
e0d9eafaf53b953a40a87e2dbba174ef,9987,830,866
7ec9f976114cf96fbb032eec65c24922,9987,830,866
adb3e2fefd1d5a34fbc69245110a6fc1,9987,830,866
b4b4e6e3f993184fb6ee311d76e44652,9987,830,866
9850ffc39d044abbb236dfe312709e8a,9987,830,866
44edc7e9549380a3be1181770adc1cae,9987,830,866
79fd2f06f045018a180b6137b1e9568e,9987,830,866
2952f4e0862a2b3fe6126bd4375ad413,9987,830,866
40c271d5c742baa0cc6ce8867729559a,9987,830,866
17ca41ce29d69e680f7000c6fbb7a688,9987,830,866
565ec009ce517fccc383927e59616c8e,9987,830,866
e900525e32d36deca961ed4f4a93e97b,9987,830,866
a0eba053d29e06dc1235830b17efa534,9987,830,866
4efda5ecf3a38f129edd3348c1d81db2,9987,830,866
94e61dff31ff2257f95a0bd05516ed86,1620,11158,11163
33e60bd8fdaada2fcdea879faab1fc9f,1620,11158,11163
a3e21fd48166b31f8f096b74c07ff134,1620,11158,11163
8777067083bcc92d3646a93af73fd627,1620,11158,11163
9072ce58b735c729a8308cbd09e55bd2,1620,11158,11163
73580883adc97e2a8f8afded5b69929d,1620,11158,11163
3624291effaf3a08a810026d59eea0b2,1620,11158,11163
90aed0320f53152531253f4ac8f43384,1672,2599,5266
c199e2380ab072a727e34fd0134719ac,1672,2599,5266
31b6369664e9409749c331377297b91e,1672,2599,5266
a76838d6040743e717b931b804159711,1672,2599,5266
3d9975f25f67c20e4c9dfe138851a5d5,1672,2599,5266
9230414e2cd5b4eeef98a4603c63d53c,1672,2599,5266
b242d327a79724d8279af3ce685f742a,1672,2599,5266
02721ea08756cc9850bbf774cc52f082,1672,2599,5266
76675d226fd27039f72ce55a28f9c619,1672,2599,5266
63eacb3e91187b088a8e448e6c40695b,1672,2599,5266
9864ee15e553eb833842aa85aed5e26c,1672,2599,5266
3283a5f8831c6dc5bb545b937ba40173,1672,2599,5266
bb303bbd0c3047e71095b36c6824f1e7,1672,2599,5266
a31079faf08a8b64620e531276266ea5,1672,2599,5266
3ee551c6515119d65e864a7c1fc59603,1672,2599,5266
20a96237d3a7c4824566d3965cbaf179,1672,2599,5266
b0d4212b05c67997172b2ca8e40fef15,1672,2599,5266
e8b940c6861a181decbf01b8cf2941e4,1672,2599,5266
59c5a2a2fe36e04499e7aa4718223b87,1672,2599,5266
275cc8b0de9626c01898a6f8d60f5674,1672,2599,5266
bf01562adae6e333fab0bb904cb50724,1672,2599,5266
b090ab8f60b4f31fc888a8d44bc4fec8,1672,2599,5266
e55b00f4f97064eb20d0812f661d3a6f,1672,2599,5266
980bd1d80f4740a437633004f1aa58bb,1672,2599,5266
110d39d5bd2a28f5973195c01c24368d,1672,2599,5266
9d6a9c9ecb8161c593158e54e4f22fba,11729,11731,9772
b8dd7354821bfa57a27daa80bc78738c,11729,11731,9772
21c8883918280ad7ca2e4f64367224c5,11729,11731,9772
68678ff9e7da8fae2b50714a56a8b0d7,11729,11731,9772
b848b09af0f0d96ca71c0a36b676130d,11729,11731,9772
401384c78b3fe2ddccdc7ee324ea7a58,11729,11731,9772
1572373986dbd18b09f432b84e987f88,11729,11731,9772
6b75cede53544efd1e89036fcfc19e0d,11729,11731,9772
218d76f5082b56a2b7ee182654d4cab0,11729,11731,9772
cb6d0175a862bcc741fb0553969ff99b,11729,11731,9772
82f01a16ceaf260944b8ad13f4cb789b,1672,2575,5257
4c22cec8d834717804f359f426c3fd92,1672,2575,5257
712a06eea483462a42713fad5d5c2567,1672,2575,5257
5e78d97603637d98ff5a699d44cd12a0,1315,1343,9710
3a1635574c9fe04bb945238ad00b66bd,1315,1343,9710
3ab236b3e34bd82493ba858211a40005,1315,1343,9710
dd153c8895ae57466a3f251bc327c8ad,1315,1343,9710
0f620b713ef9e3ae4de02a605748bbd4,1315,1343,9710
1d2983ecaec35a0a749063ea13ffde00,1315,1343,9710
6056423a226ed415dfba6bea7494ad53,1315,1343,9710
e828585507c3588d9b8aec04ccf11f90,1315,1343,9710
513aaf7c3757812c6bac8d53ba46d271,1315,1343,9710
55aaf34eb83c31f4e3d18bb2f715180a,1315,1343,9710
1a9e44e3736c258d0f43cb49da0d2e0c,1315,1343,9710
940392c60fbe55b8949025a36dc6acca,1315,1343,9710
56ed9c110d6da3203d21ffd735148516,1315,1343,9710
b88a0038797d16c34d0d993dbd14b575,1315,1343,9710
8a246ebd62ac3ce3c08f022f9f6029e3,1315,1343,9710
ce31974f2ba6c56e68b82302173e8b92,1315,1343,9710
796f2058e005fe3277daabb07035d7ee,1315,1343,9710
b676535a6903b5e43c43c81ab80a9dcb,1315,1343,9710
6b0d713ce0db2fb33acb6f92a935739b,1315,1343,9710
18083f175d05c04545e060b66c024aa9,1315,1343,9710
f2ffa4d836bd9b3343f2955d6ee28410,1315,1343,9710
c2362baf6ba5dc90ccbb103fc7ccd96e,1315,1343,9710
fbebe412f835dd02f6d995f8b13b828a,1315,1343,9710
45e5eae5026701e79e6a6ba7bb6f6d54,1315,1343,9710
57ec73258934139a6d51e432ba9ee985,1315,1343,9710
5e1c2a5c30e85dec828f8701ed27de7e,1315,1343,9710
d69bf36ee976ea4d8ec0a08f03eb37f0,1315,1343,9710
00afcd5aa64aeb3d52fa3fd41bbe7e85,1315,1343,9710
7f4191732b09761331bdb48afc20a489,1315,1343,9710
b2ac2afe668b07d6868caf7b063f15cb,1315,1343,9710
d030b59d384db26611249df16cfe918b,1315,1343,9710
21422d7bd3d19459d21feabafb4824c1,1315,1343,9710
e655f1d43def0c723b9d72d8b32482cb,1315,1343,9710
f19f9723450244fca52c5a40ec30a00b,1315,1343,9710
7dfa2241e0e9a6e288ebab69d6b98986,1315,1343,9710
b6577338887010d98a3d6d8500e787e0,1315,1343,9710
72b5800048ed5c5a94b02a1cade0e6c8,1315,1343,9710
6fc8776cd769b13fad5d15c68f7ffcef,1315,1343,9710
f06146f8a3c6d3444ff73d97a9d3ecff,1315,1343,9710
75003e6ef231d9f01d89bbef08b7aaf9,1315,1343,9710
2f3b3cad44fc0f64ce2f3eaf487ec2d1,1315,1343,9710
dc11c078b0fba3e12cd47a572e49ffaf,1315,1343,9710
d0c845db112e48b0a45a48ee11300098,1315,1343,9710
0bd910fde02b93b7d62bf5b51cd82992,1315,1343,9710
90c5a92e5d74b8d9cbde89da5d93ec4f,1315,1343,9710
a61044a70126a8d33bd3f8106af0f295,1315,1343,9710
f1b8c2d43c8104275d19a1cb02ff6eb3,1315,1343,9710
8c8860137b3830eb3e827e79cf8586a9,1315,1343,9710
6b5daddb34c1a9ca55d2306e7c6eed00,1315,1343,9710
7a86a3f4d89952b841876d2bec329c99,1315,1343,9710
1dc896cb3fe205d259d4fefba7f113c0,1315,1343,9710
5249f36faaf3524ad4c6ef666d04e3f4,1315,1343,9710
c139702349615c133dc403bbbf432a7d,1315,1343,9710
f4943709c11c9b0085052eb37270e9a3,1315,1343,9710
335fd23a6a6808a97de49ac52f801518,1315,1343,9710
39e4dc3314521cbcdf60347ee9e774b1,1315,1343,9710
9969b1789a3e000243e0825bfd900530,1315,1343,9710
e9a6102b4aec85ba846c2e35ed7664ac,1315,1343,9710
adcedffc62692a88fdd79afd4037234e,9847,13533,13540
cb0375526a321fe7d3c1e2ea4cb17adf,1315,1343,9722
987cbc4e762ed4f33e41b769745a32b4,1315,1343,9722
013a4007b91fd60e14b343a2c4fc257a,1315,1343,9722
dad63f5e3bccf468ee5c65ae76e6640c,1315,1343,9722
61282b955e3a377f71b5cfa1b7a9d454,1315,1343,9722
603d2d46ae209f9367f4d842df0f4a8b,1315,1343,9722
e320b836d457d70a5a07c1cc4acb9f7a,1315,1343,9722
116a1e06625bfd5865cb3bc89a113ea2,1315,1343,9722
e1f7e8a033f37d74ff02283b842f528c,1315,1343,9722
ebf02de61591e0d4de71490121b68951,1315,1343,9722
193797ae29c0af846a0d016b358135b8,1315,1343,9722
813c18ffb8bd23d9cfa613d82b988d62,1315,1343,9722
597fa85d7a7e55346b9df76b7a369c9e,1315,1343,9722
4ecef6a2c4e2742dbebc4f7bed93605e,1315,1343,9722
9b4f70106d90074fa8b9945bce05958c,1315,1343,9722
6a9d300ed02100085a955b4d9b6c592c,1315,1343,9722
ea7f6420a3ca48e5dfd5e4144ad33e0e,1315,1343,9722
460bbe0a8b88acd80cc4cc97495b14f7,1315,1343,9722
d9e691e9db5bf109fa9e7e9cbbfdead2,1315,1343,9722
19642058b634b25c19f3c2ffb201caeb,1315,1343,9722
a102aa9345ef4a782d82bdb5320c9d6b,1315,1343,9722
a71fbc2643a5802cc984523e7e8ef6ab,1315,1343,9722
b4067a247eb2ab782fb0a1b5428aab7c,1315,1343,9722
298c4123df072f9ab33e28d5709fac20,1315,1343,9722
07908e934f15dbc68d6c949c7d8e8bdf,1315,1343,9722
bf24b2d8035593e6d3954cbae814063a,1315,1343,9722
58c2fe120d7b1505c5669c9c14625272,1315,1343,9722
bb219787e1a775466387b8863a1d1950,1315,1343,9722
de558bcd73147edb01219e011a3e80e2,1315,1343,9722
903032230644bc6f52412fb5ca6b5d72,1315,1343,9722
f3d68bce4cef63057b5115bf13d61dbf,1315,1343,9722
3900acc5b1ade59b51418ba56a693c02,11729,11730,6907
e618e956f5502fce6ac51ed6fc847668,11729,11730,6907
6a31fbc452a5aabb13dcc47468575291,11729,11730,6907
a4d01e857ec1e012d658b7e94f0a5fe5,11729,11730,6907
6e397311a22c17e7c7248a6486364546,11729,11730,6907
7efd24648af6e0b65c483ccf6360513a,1620,1621,1629
c7bf4dd49e6a0c917cf862de1ee025c9,1620,13780,13783
b205475abf39afad14b61b6886a80433,1620,13780,13783
3dd2d675da5749059a32e066a827a991,1318,1462,1474
2cada2c962ce4e3ec29d286ce0d5f7d2,1315,1342,12001
ca739e76543b324ad2477195aaee02df,1315,1342,12001
dcb297a236800301cfbfbd993ca5b2e5,1318,12099,12100
f3faf00da89cf9086cd01279d022b9b7,1318,12099,12100
854e0a5470692ccaaa6429135bcc3c13,1318,12099,12100
c5a7df0e233f889dc86f7b9d72d70c9d,1672,2599,1445
7484a18cbcc09069ae8974e3a3f28dcd,1672,2599,1445
d3c09d800a542db68f89c91ed23225a6,1672,2599,1445
280557ca2243374d1acb654b9342575d,1672,2599,1445
2343e29c2beae78053adde805f7bdd58,1672,2599,1445
9aabaadfa3ca1ed2605e46389f0cacbf,1672,2599,1445
9026f2ea74f5f4b8439272fb43ba842c,1672,2599,1445
f82a9875988886d1fd5183eb287a2666,1672,2599,1445
42ef8c743b61de653533e5a4be6cbaba,11729,11730,6906
9771473c062d5160db407dbecdb9c858,11729,11730,6906
a8fce86ee89c427a60b7a59af05d7e03,11729,11730,6906
3e234c87b89cdd1e087a906fa095ab1c,6233,6264,6273
99de5b80be924cfb7bf7bb824ab70269,6233,6264,6273
36f1118ecff710546fb953ceb9e359fb,6233,6264,6273
47278d807e6409ea3c0058e38b66e2e0,6233,6264,6273
7efa78c3c4cd3c037a7667a2677a4c6f,6233,6264,6273
9acf1d7ff395bd1be869e760700f1264,1315,1345,12010
65e41b79a4cbf74ea8b919793be27f1c,1315,1345,12010
715fe0015e65be16c7d9c667f04e51ef,1315,1345,12010
9300a714e8f6f25473a935ca72e9eb50,1315,1345,12010
4e355fe114490bfd9a26335798a45c4a,1318,12102,12107
b89be3592c3df142037e6e1cb14b071d,1672,2575,5258
5826c66f7b07259911a95a8198388774,1672,2575,5258
87d543d185ab8010b08a11cda454e907,1672,2575,5258
69a8124be71cabd88c11fb5ce41c92bc,1672,2575,5258
b0f886d7e357b8a6c2de7728cea8a42d,1672,2575,5258
bab7615394e9d80200c69f98ead55e29,1319,11842,11222
703df811accd002cca7c5b99f06c03c7,1319,11842,11222
a724fde7215274c98354ff9625d82b1e,1319,11842,11222
c8976272c0244375892971dc7ffc473a,1319,11842,11222
677961f8430aea858ba0cedb03f5c3ad,1319,11842,11222
5de251a8e1c6d3f48221943c91a57e1b,1319,11842,11222
42d7cd45072f23c79545e40da774cf09,1319,11842,11222
61e2f27a911f34ee61ff1225c177ecb2,1319,11842,11222
13ddca86e982bdd9272b2267d64fbac8,1319,11842,11222
e129d506d298849e66cf3600e7fd607e,1319,11842,11222
4bb181363edb3e1d7e9055f025ac6431,1319,11842,11222
ddfd5b44fed24170da5bb91571f54a86,1319,11842,11222
9b964159c6c40955047872efff6313ef,1319,11842,11222
4948596c7ee221005862297e20a467c7,1319,11842,11222
c85be1da29c2a263f189c3ee9a5c46a3,1319,11842,11222
dcab06694352dc4c0d1ddc699087fd68,1319,11842,11222
c0289c52d5ce89e1aabc7fc283d35395,1319,11842,11222
2016d45342dc5b65ad50808ea2b452bd,1319,11842,11222
1b96a973f683c62f07f211a7df67c60a,1319,11842,11222
ab4d933fe6532145f12d42380af388da,1319,11842,11222
c4290fc9017368d53adc05196532a13c,1319,11842,11222
05089b2295d0f44cd13825ee829f8a8d,1319,11842,11222
aba00067806213aa38cea67f63db9ea1,1319,11842,11222
7833d1f3d13378d476da824fe8887946,1319,11842,11222
be88280b1d20102859ce3ecce9ecddbf,1319,11842,11222
32b656581650fac831fe5e228b68dc6d,1319,11842,11222
6b29f1492cb2a1e1a2216bc33d9982b7,1319,6313,6314
e07d410819b7ce20913928f34486a626,1319,6313,6314
5c379e525e004de6164d270d13059805,1319,6313,6314
5966f9e3f3f5eb03cd5f12cd67970e42,1319,6313,6314
93b5e6f76f55c39b293c5268f2c25ce4,1319,6313,6314
40a702eab13f30f98d39e2da6444d4fb,1319,6313,6314
062f942be4097a30c17ad3332e7403c2,1315,1343,11991
c270d8a7c2c01ed50f8c92f40d9c2526,1315,1343,11991
17f4699985413416a3cdf4ee8b5cd6e9,1315,1343,11991
dca3880b10afa2b0fa78073032ef05ed,1315,1343,1354
1d1f4a8b1c339b0a8ae7a4dec9224222,1315,1343,1354
0725f2177ccd7ac7d8967617f3dad944,1315,1343,1354
3b18e6652e21cf31204256d06c69449d,1315,1343,1354
50ad4052ffbcf29a970168621aa6f6f9,1315,1343,1354
6356c21d929596d9b3c50fe5257cc789,1315,1343,1354
a2ab6923f58631d451548f54102c7c3a,1315,1343,1354
27f66d481a99caed32b9611918563895,1315,1343,1354
edcd6ae0f7e189755ea558450b3ec669,1315,1343,1354
d6c71689e7b6362466b178ea5d813895,1315,1343,1354
399f78841640aaff02ebbdb19fe76187,1315,1343,1354
21b84514671f8f5f467f5970a1f35322,1315,1343,1354
d640a588617fde26c1bbe3a802a40416,1315,1343,1354
56cb722d0c5c17dfacf67abd7491f5a6,1315,1343,1354
1852b03502de2cf3af43649163028c9a,1315,1343,1354
d958c15adf34acd4139f3a3eac5278e8,1315,1343,1354
98c458e7a8b84dd6e9c45e1b0524a758,1315,1343,1354
a0d62fd98f3ebce8414e835eda73c0f1,1315,1343,1354
db2860e3353329a29c6ca085df2d7db5,1315,1343,1354
ed67a1149cd859dff76d91f8b41c14d1,1315,1343,1354
2db03437680dd48dd96dd2b231ee58f6,1315,1343,1354
73e6457472b5acf65af02f3a96b31461,1315,1343,1354
cf71a21676b6546989cdb58e6499045d,1315,1343,1354
3814d2fe493634c3f8b12b175528fbb0,1315,1343,1354
f0bca50d20fc1c2936625a007320d23c,1315,1343,1354
03305c7cf551b07998b42adba67db5e9,1315,1343,1354
f4ee2b5173d2be8d81c0c4ed2a3291a1,1315,1343,1354
e7e336a52d38e983074c49fa050ce27e,1315,1343,1354
4694cd21a140d7c4971d561a04628168,1315,1343,1354
075fac2b88abb04a77456ac9d5808958,1315,1343,1354
cb70ac1d4b4af7d24b570d214f235b0a,1315,1343,1354
30fc9839a052de4695583dcd5f488161,1315,1343,1354
766a5ff681b6f7b387ed8cdbcfa97fe2,1315,1343,1354
2c7e5a432519d7d4d95c362b12a815ec,1315,1342,1348
1ab0b538b1880680c93a1bfd1d157a8a,1315,1342,1348
3f7660273050c692628198adbc5b7cae,1315,1342,1348
7836ecd751828a338d8ca638faedce86,1315,1342,1348
9e6932db2de8f3488d45afc134a95b61,1315,1342,1348
f9fb8bc6f3da24a86ecc5f88a0e4dc99,1315,1342,1348
4d35bace086718b02455bd799c9fe355,1315,1342,1348
05e480a02a6cbdac40a417ab9c87bb38,1315,1342,1348
192c18e61cf39a307f157302666f082a,1315,1342,1348
be26424b1acdefe4a0d58534df7bf521,1315,1342,1348
bd3b3dc2f282d0a846b539d92fde9fc7,1315,1342,1348
89639d2992c2bb72ec1c7f681e9cd105,1315,1342,1348
cd78e936f1c671e3c0305c07d19ed221,1315,1342,1348
9eb8de6dfd21495f30a9e82781f9b5dc,1315,1342,1348
1bba04490973e91fb6853ef5811a7cd3,1315,1342,1348
097c32143ca99cb9b9c480a5403d9ca9,1315,1342,1348
eaaa52fffb7589864a1d4873b998f989,1315,1342,1348
39bc4d7084a86c137c0209521896c6e4,1315,1342,1348
ab9c1b49f584dce38b1f8298a7cdfc6a,1315,1342,1348
ae717415751c83d3875a6d861aead804,1315,1342,1348
9441314e88ae4563675d582791d46bca,1315,1342,1348
3261d717ba172cf47aeff9add3e8f4fb,1315,1342,1348
f2a9b3a2e5846821fbd2ae8c0cff10af,1315,1342,1348
037c05790f8e4df4da801324268263d1,1315,1342,1348
94b33eaff4691c604e3b66e4eb751468,1315,1342,1348
ad197d51234c2fd463357193094ecf64,1315,1342,1348
6dfbe3fc6243ad26cb062cac9448f581,1315,1342,1348
1ac4bbfd5a68f7cbc55ed59691a756be,6233,6253,6261
56e92f43f33967cfa8be3fef6d970acf,1315,1342,9731
c6e950b2cbb2b507904a30b3898d0754,1315,1342,9731
c5270f255d3d7674f986cfa509995645,1315,1342,9731
f1327354032fcb23dc4595b4a5ac231c,1320,1581,12217
363ecf6541aa0340d6dfebbf8dab74ca,1319,11842,11223
59f6862a387afe04d8606396bceedbea,1319,11842,11223
45601f4dbaf7d31fe7dff8a3cb3da2b0,1319,11842,11223
a24aa702b6076ae64fa581ac71a59128,1319,11842,11223
9a3ce9d1c2fcfeb6a7e884ffafba1bad,1319,11842,11223
16c98eac1efd44ae17f059868112ebfe,1319,11842,11223
92ba0ba6c0213cdfa6fa00abcf4cf178,1319,11842,11223
4e983027d24c06829749e7fef228f54a,1319,11842,11223
f1530b4e0731e9b9af1db94201d3e85c,1319,11842,11223
dae8f3ff485d12c43a460c92916cdbcb,1319,11842,11223
c204339fa2ef57c4efe703e954e5a51c,1319,11842,11223
fb89bf6f6445eb784c52e9b13de76716,1319,11842,11223
e30014be4b24f7e60b7735b9c723f63e,1319,11842,11223
08af96c55b534a8afedd82b4d065219b,11729,11730,12066
1aae4df630a1b85fa50beade378763d7,11729,11730,12066
9e3ef4c34a1000784027e5bd97cfca02,1713,3259,3333
e8a4bf7033bc9cb947ee3511889bc501,9855,9858,9923
21a12e46f1225d47080e1bc23f417a0a,9855,9858,9923
65a2ddccf733c769fba2d0b12e2a9a0a,1672,2577,3997
7c15a4ad5588e26e1f31dc2c653d97c5,1713,3289,4768
1329578cf36adc6953a6563bbb276786,1315,1346,9789
7724fcdb793d6ef14ddd26fe18daf22a,1672,2599,13666
cee54c8bd7295db0e451c7111da5ae21,1672,2599,13666
4be7e4e79c4d83cbf517919f033de530,1672,2599,13666
4e418a8fd39b9fc022041aa4c1307ea1,1672,2599,13666
5e2668e0af641d03cd1653a79948f9d3,1672,2599,13666
a9a518508da175c20e09ba8af51c25b6,1319,4997,4998
eb183989434268ab6a744eda2d1faeb1,1319,4997,4998
e51217ead151dce1c74ad3e56a3535a1,1319,4997,4998
55881453add4b3092313e871dd7138b1,1319,4997,4998
0c62db0e6cb95385cdf4cf2891b0b40e,1319,4997,4998
14a8199b175d98d7abce8e25d34b906f,1319,4997,4998
3d0f98d6d6e2ed44645d4d10e4e171de,1319,4997,4998
cad70d489ea617eac87e06766e5161e0,1319,4997,4998
dcfd7ba228fafa4bdd2b5e63a98dad83,1319,4997,4998
6ce4d093e1fdb02ad940507b830b9bba,737,738,747
2d8bb84c9ee19a5dca56b9a29cfdb921,1315,1345,9743
ecea396ea37daef885cf106fce59a4e6,1315,1345,9743
2bf56c819b6dc1a0674bde7a149c1998,1315,1345,9743
16129290a50c0931917325c86c92ec20,1315,1345,9743
6f9dba75bed2ecbe959259e8c3d582f8,1315,1345,9743
124f8f1dc9b6c0644fa4c647f6816f43,5025,5026,13674
da7561a40328504007168cc36d0458a5,5025,5026,13674
190ccb4558afd9bad225d791f3004a6a,5025,5026,13674
c7863e211286ac8183b45dc50e832044,6728,6745,11889
1d120f41bb831b5ad8471cc5eb2d6677,6728,6745,11889
7f6ab3abacb13f130587ae31b7def9e3,6728,6745,11889
59e6ed4db34226d62a9db6410698a160,6728,6745,11889
65e839ff449cbeb2942d4400c6282f96,6728,6745,11889
7d862c4625ecf634f1d970efbe4294c4,6728,6745,11889
8c14286af8b5f7f591355034bb14af66,6728,6745,11889
cb3a0ef98be0da18b15db1f23b2a242b,6728,6745,11889
048d9743610a87c9de2f0bed39b07530,1318,1462,1477
9dc32a04ab5e9be77b513a840201c58c,1318,1462,1477
f38d883b109395f18b970f306dd133bc,1318,1462,1477
764f24145ba9c16fb4af55f35202e6d9,11729,11731,6914
1ded0b9c233d452832329734bbfba467,11729,11731,6914
dc16affc8292351b81fb251de625aafc,11729,11731,6914
506c188d697560ae4b7d640f284e3d10,11729,11731,6914
f421e613e36755b6270e5f7a967edca8,11729,11731,6914
6c5fecf5a41f5da26f55920af6e8112d,11729,11731,6914
4aadf9ef461799451a1dadb0ba5005d2,11729,11731,6914
061964aade2712f297d686ae5780f651,11729,11731,6914
5546cb2d434b158479aeb7df89d7ca63,11729,11731,6914
e985a13d7aed424b326d8ae14ab7e337,11729,11731,6914
3a00744e837dd222577bf678e90988d3,11729,11731,6914
38caf5776fc604f0ec18675ceea9acb0,11729,11731,6914
cfe51f8ff55a3add9c98f4c8e33e3712,11729,11731,6914
74e9fa19de5412d1d980f2cd78850152,11729,11731,6914
688901ad9514bc2168e5f7c35fcffb0b,11729,11731,6914
b9155d6aa3f3b7acdba51165fd4b472c,11729,11731,6914
1993fd6a234da560b981582b6ad0f495,11729,11731,6914
5625cac95cb4abf264947abb0f0a7132,11729,11731,6914
2acfaefed3eae4e6402fe057f1035421,11729,11731,6914
d86769e50d8e662a13431bfdd7d322d3,12473,12480,12517
e58bb9c2a5c949aee651f83764ea776f,12473,12480,12517
e23b757405dde8515b8262ca32de704d,12473,12480,12517
b0a839902dc93eb579b002247ee1dc76,12473,12480,12517
0a34cf9807c3deb7c5743753ce37edd3,11729,11731,6916
221d51891177f22c382abe02b2429c00,11729,11731,6916
21646f80ef747624ec71a05cb1bf9e0c,11729,11731,6916
9088afb61a56cf4b88c373fe17adda63,11729,11731,6916
8e29de84fcac5664d601f39b2b6b9ba1,11729,11731,6916
281206321e8075d13794cdc9f8db0bf1,11729,11731,6916
c1f75305fc3d6416b527420800630535,11729,11731,6916
bb53e18e09d2f289c3147860de82e3ae,11729,11731,6916
f1240c0df1d5e4c1cd43ed5c8a7c72c3,11729,11731,6916
5cc99db195d6115c3c1c66b510e19361,11729,11731,6916
2bd50764bc5c2de3beac4ecbcc2d9795,11729,11731,6916
47b981bb6c8a41a5348c8c18955ccbf2,11729,11731,6916
42ca649c5b5b2c4c364aa6f98c773ca7,11729,11731,6916
41b46be1bbccf8fcf0a696a06ff74224,11729,11731,6916
0b76d371e8565deb73312d70545e7e7e,11729,11731,6916
b3622bcd8b35ed28788ce994d0c14dd2,11729,11731,6916
71a3a19a2b028f58beb18c5beb8aab65,11729,11731,6916
8ba8adbb513c960251b6c9b5662785cd,11729,11731,6916
090c2cb810d93a9457cd4b60b56b1806,11729,11731,6916
f1988fbc0410043d81831af0c38c7e18,11729,11731,6916
0fcdaf2d006a7a1e6557466089a51ea1,11729,11731,6916
bcb7e7fbb2a460c6462d69c7184a91c1,11729,11731,6916
9ec8adca7ae8b881d5881d511372c279,11729,11731,6916
eba4f07188dd9b058d158ef2b30a0f57,11729,11731,6916
7875ccdbf2f4a3d215a60b7d74270e01,1315,1342,9730
dc57fd71b5f96ee475a2331fd39a19cd,1315,1342,9730
711204e4edd689d0f0196c7e863f71c1,1315,1342,9730
089a713b9116e7820a4c75328158721c,1315,1342,9730
13121c6ef77535e0a405a804eafe3dea,1315,1342,9730
04dbaa068d897345e84c61a62f34807f,1315,1342,9730
fd9c212d120356e5d6b8aa10d138432e,1315,1342,9730
3cf39f4f36762526a204514775e8a802,1315,1342,9730
a3a42cfabd2c916e3506ecaf546d81be,1315,1342,9730
7c0393fc18bc65b60c96b4fde7ea449f,1315,1342,9730
ad3e8acdfb310ffbf86b15a12a65dd36,1315,1342,9730
9e82535bd95ddaa642899b51cd2fa216,1315,1342,9730
2ba3196d9f86d76cbe5c3b05213a6141,1315,1342,9730
99835c99a547032e55b5603b899938ad,1315,1342,9730
de3b32fd6ac0a94e249fcc32e02ac83d,1315,1342,9730
b32f0f56dbb160bb76e40394a0b9dae6,1315,1342,9730
44976838032bb49fc672641f4a50e2f0,1315,1342,9730
0741d4c6ea43dab2555cd73284c318ce,1315,1342,9730
43974ac6356afa78551526afd80b3032,1315,1342,9730
a36648435ca47253aa3200fd6d98cfdf,1315,1342,9730
95dda7ab78746189e83e2fb293e2d445,1315,1342,9730
7f5a05b68ca6a874f3e7005f7c8fd3d9,1315,1342,9730
406d625c81e2b07ec7bca13365670559,1315,1342,9730
22cf398909374e9ae2a7b7913bf80c5e,1315,1342,9730
9e2afa21e40898e7d377a41f7136c3b3,1315,1342,9730
f3c870e5f0995bc328fb6b0bfe2f1542,1315,1342,9730
74fb8e12b417a5c5cd7fd563521e6783,1315,1342,9730
2fffba4ab5d9e2961671e9190a9f1aa5,1315,1342,9730
8eb2bd1065f25c791eb4e0e7c15c999c,1315,1342,9730
7f07adb822e648ac06b4aceac9e4bdeb,1315,1342,9730
c301c0226fc264f8384f668833b7f4ca,1315,1342,9730
a190eeb415d0b9cd58d0591f9905fcc9,1315,1342,9730
79640e553365349b797395cc23b77201,1315,1342,9730
57b6e0189370616000b737a4ad6c9053,1315,1342,9730
d3dbcc25364db4bf054b8074349670fb,1315,1342,9730
ef599111dad6301ace877f7eeacd1bb6,1315,1342,9730
a045f52603fbc1c6b4c1f625008f19a6,1315,1342,9730
9e782aa9b55b49e71a92e9cfd2119630,1315,1342,9730
1e051005e734b2381654df4c2d91199a,1315,1342,9730
bc319d6033d4df78dae3777cb35dfdf6,1315,1342,9730
30aaa4b0f5346436bc624625261a2046,1315,1342,9730
a9b05d6babfd9a39f15dfd76aad45b77,1315,1342,9730
747730ffa7993611d95d8590d37b1be2,1315,1342,9730
ccca480e121332ac18d30b111f920b8b,1315,1342,9730
e5f8abe1ad067a0c9a8ff802cb173682,1315,1342,9730
e6a651389ce8df3f88541889f0dce535,1315,1342,9730
105d801380661f88521affcfdc73fcf0,1620,1621,1626
9d6d8de7e33a7c82b2f5a7e144bbe918,1620,1621,1626
94774f518a3a968dc3eb699640a93f53,1620,1621,1626
34655e65d313713514cc058b2ec84be3,1620,1621,1626
043317c4b6b57bf253368069365d1302,1315,1342,9724
84842d32646efe83d4df29c46f35f7c8,1315,1342,9724
75a7571d62a7d0e8122bceaa9d75a145,1315,1342,9724
4e9c989b8379da6d55bdd1c88d62d882,1672,2575,5260
e94697ea55becff1bdc9bf0a82b86ae0,1672,2575,5260
035e731addffda59de5e06e5bfcbf82b,6728,6745,11883
cb146e571aa2646cf211fcb8dbee7200,6728,6745,11883
2d8168861f3d40e24434760d2a9ab96e,6728,6745,11883
ad6b0e6485d90a995fe0ca8d860e3d6b,6728,6745,11883
a610d64b25655a8ae29441b56e82faa8,1319,1528,1567
da88951a99b7a5ab5581717ead52a50f,1315,1343,9706
7bc5fdb463c8fba290b69536ce16151a,1315,1343,9706
c193de411e0a0794a87a19381ac34917,1315,1343,9706
15c6879b6047ba21a6a02bccf5840a9a,1315,1343,9706
4f3b938cbb0c8e8436363c7ba387da63,1315,1343,9706
5ab32c08bb4ead67d5f3d168f985d848,1315,1343,9706
fa8a4c7f08942a37fdd7a7ad62f2b5eb,1315,1343,9706
2a03ac22d76d9db7eb2d07d9168abe86,1315,1343,9706
263e0f6ac8f796c39640e9beb81bd523,1315,1343,9706
a816d4c388422105428f32f13d030cc4,1315,1343,9706
f651197c47587ffef63a09326a285b65,1315,1343,9706
b21b4d91b3c8b5c9252017bc1fb31592,1315,1343,9706
0c3b3b878db897e594ef40c1658e4709,1315,1343,9716
ab3aaaf1e5d082f451ee1d285fd0a3eb,1315,1343,9716
d190e533f50ad241fdf2542c22b6ccd1,1315,1343,9716
38808a7ed148a5ba65dbfd46b712ca3b,1315,1343,9716
919854447dc888323c267b1897920212,1315,1343,9716
439df75176e23ee55978ebe1c35938dc,1315,1343,9716
fd99046ed37898758d11580b1beacdd0,1315,1343,9716
bef1bdc555d421bc72736faa997eb6e5,1315,1343,9716
ac23351de09d5e43c8b9fd4e26d17919,1315,1343,9716
2df6b647cfdc4b5efdd960f78ac335a2,6196,6227,6230
af7e0c2c55f2116605e129757d032ce2,6196,6227,6230
38d253cfe9badde1a6f08eca85a80149,6196,6227,6230
dbb838e1eeca3e332aabaab3e3a4efa6,6196,6227,6230
57f47b9af4f6111009208e06acf843fd,1319,11842,14934
a0b2e03659541589ed7c35cc0568fa59,1319,11842,14934
a15071038e5694db143624f2408bd7a9,1319,11842,14934
12546c4ee3b7a3d9ed17457b89f81c71,11729,11731,6917
4a27aa641fec70fc9c81b0467bff71b5,1319,14941,14947
fb62fab468ff592df50c69d40bfc3ac1,1319,14941,14947
6d863f349779dda4b86b86f604129094,1319,14941,14947
89be19f2e9fb4fce283d96e0a2d11ec2,1320,12202,12211
f917ac14775f65521a9aa8e97ee656f1,1318,2628,12123
35607e80147cbd124ac55306ca61737f,11729,11731,9776
421acc68e6feb9585dd677f98d39013f,11729,11731,9776
4ca7358ced118cc06a8b092004f6dca5,11729,11731,9776
0028498489b034ef741556e4efc86e25,11729,11731,9776
502689be39c2df75bd20acd97adb041c,11729,11731,9776
3e37e62d2f75b596dc341a2e6ac5b602,11729,11731,9776
4fbb5af9b64dc50297ab4428c1b3368b,11729,11731,9776
2d070669fadbdbf1c33dcc9af57afb7a,11729,11731,9776
219d49baf8371103b21979ded6477322,11729,11731,9776
b91e3b7feb38386448d5329f7016fe0a,11729,11731,9776
1f2dd025ec4f0828af8b6443ffd1bc6f,11729,11731,9776
5b1cf940cd6f3d3719387fc31c324c79,11729,11731,9776
bec38c2eab3a4154d019b297116aa82a,11729,11731,9776
4ec6becf15250558cb3e0aecc8809072,11729,11731,9776
8903473411d34f0a3ba5002c283a6b27,11729,11731,9776
eb67b562dd7170d683d87c74e0cacb5f,11729,11731,9776
5056dec24def4ecb1dc11e5f2cb1bbe2,1672,2576,2584
aa1956fe3e5d19f9aaa751b8301cf88a,12473,12480,12516
033f8cb186e8bb52abfb5713f36751f2,12473,12480,12516
c0f6cd10a9d80c6163934fcc580e5dd8,12473,12480,12516
46bed478f556292d3eeb1aec73819bd2,12218,12222,12241
267abb21b58ccc8355dbc0893ec30793,670,729,2603
079e1e96fc2dadc61767db50b7791b26,670,729,2603
c5a73590ba036e0f032803ca6d3cf178,1315,1343,9720
ec962a996a7a97f730273dca1f1c9edd,1315,1343,9720
b982e068d6ffe6ad1cc472aac0d708ec,1315,1343,9720
36f3b7aea79da35c155711af957d3685,1315,1343,9720
6f2a8ce164e9275b348bc9219bf93819,1315,1343,9720
9351e08e7c9e94ade0b160871f82af60,1315,1343,9720
9860f59ed18ba19e25ba0a5966f9f5d8,1315,1343,9720
d33260b090f5bcf1b0ef72bd5d46a4d0,1315,1343,9720
9b53f8b300f947f9dbf5bda001dbbe64,1315,1343,9720
4250b2b549b9052969f8d2e1bf4dcba3,1315,1343,9720
9552830e7c7d3db6d72126afc1675dd6,1315,1343,9720
7f5d86aff320530b9b8af2ed93cc61a8,1315,1343,9720
4d90aaa07849db1b0199cde1f3c64e53,1315,1343,9720
305232ea5f6c7c84f2ed0c75784d867f,1315,1343,9720
66bd4c1aa6185b17050e1924484632fd,1315,1342,9741
ba14e4527aa27fc1b30ae2f10c751480,1315,1342,9741
28d726c8b2a26bc9421a923d2b3ca649,1315,1342,9741
69fb504b500b002da5d1a1d28a64fbc5,1318,12099,9754
721965a3b87c5a491992389308a189fe,1318,12099,9754
ba4646ae5d828f0a427fd074e950817d,1318,12099,9754
787032521a24932abd61ad52d28801a5,1318,12099,9754
4637efecf0c8fde9e650140879a8b588,1318,12099,9754
726ced8e90671a867eadafcb45a8fabc,1318,12099,9754
a818afe44639ed9bc67e9b27f53871b3,1318,12099,9754
fc2b5d8e9748a4767de14340b14859f3,1318,12099,9754
572cc21838af7b34ee648768f4ac7128,1318,12099,9754
61ada4899bbb6a226ae77d5b8ed0e7a6,1318,12099,9754
b4e80ff7812da55911e2d707e437478a,1318,12099,9754
5a5b533900ef9931c35bc767caa6654a,1318,12099,9754
8298ecc909eb86efc8b2a43f36b75d34,1318,1463,5153
829bff488ffcc25074a17d365b236167,1318,12102,9766
ada91c0bf66af7225a3d52640bba7ce9,1318,12102,9766
f0bdcecb3664b29c82517391092b2487,1315,1343,9714
1136a02ecfb573e99d09b646f15761e3,1315,1343,9714
fafbd700bff85316c83232c4fa8417bf,1315,1343,9714
beda8f4d033acf14a304a0ad0766359a,1315,1343,9714
d19660ca7e4739f8e2408b6cac1466c1,1315,1345,9748
12a13972fd952297686d76a7e294c6ca,1315,1345,9748
3afbfa2c16474e056ab709efa5ce0b70,11729,11730,9783
37c7b85046741511e93f5e534078cf3d,11729,11730,9783
5a5cd1a07459a7802c3553af8d11d99a,11729,11730,9783
41f25174a31509dd1cdbd46f89540a24,11729,11730,9783
6a197abb17bd0fc4ad5ecf9b0282b874,1315,1343,9711
3c930d4b5f48cce4590876dde18c10c3,1315,1343,9711
0f4fc69244699ed21bb46f604f24309f,1315,1343,9711
9753e3d4711fa71ad620b7d43349bcbe,1315,1343,9711
8d5c647488db4b75d038fff52a9d1042,1315,1343,9711
de24cc4a2ca77c65d5782e7d8eadbc54,1315,1343,9711
593086cd0f7bd32ed55f44b721ade413,1315,1343,9711
19d576ac9bb9335acf15d078705de49b,1315,1343,9711
9c45de5c631efdd71327a64cacbb7cf2,1318,12102,9767
5080f3adacb7858b27bfb7a845c650e3,1318,12102,9767
c5170024a71af6367aa083dc63e57ea8,1318,12102,9767
927495ecd40a0256f97da8af68338be4,1318,12102,9767
2e7ef74953c33fb6ad84cf606d719edd,1318,12102,9767
5d5747122bd06063d0332b8907243553,1318,12102,9767
4057da7d4395181685d52d63ee0aa90a,1318,12102,9767
e6990cc428cc234d71ea192e57df6a9f,1318,12102,9767
e547e8501fe9b83ba38411304b51c1f1,1318,1462,1478
fec8450760b56a9d810d7a25a74a8fb1,1713,3263,3401
7b09bce23eea32295e143ba4ef34a58e,12218,13591,13594
7a417137558de510f288b45dc2aea87f,1672,2577,12076
544e94966c7eb89eb518e6a82abe0e6e,1672,2577,12076
d4a20543457b61afa1943d9c24ac8cb5,1672,2577,12076
a3cd598f3081a72233da5df4bb3f424c,6233,6236,6254
b299c5944a1b2e89805d3af2e1371954,1318,1466,5155
12138f79c7ca50e0017d97982acf79d5,6728,6745,11953
e94d16c4c30a96288afa78482bbf63d8,6728,6745,11953
00b10c4a501a57836858926a1371c9d4,6728,6745,11953
7a49fa9deaa222ac87628f25c9b6e512,6728,6745,11953
26d1f280e3b1c6f4bdfabd3bf772b8d1,6728,6745,11953
227a71d24c2d8bc8a4d9da3bc09e8e22,6728,6745,11953
eccd628d8caba7bf3d91b3a0c4cd5d12,1319,1526,1552
07353886bfd6d55f6cf49bd9cc600728,6728,6740,13983
7dca4b61d08395a8eb6db8b1eb3be877,6728,6740,13983
44840eeaaaa99fe4842aa2db93e019ec,1315,1343,9721
3db54477b4acc8fffc89afb03a7d4a2b,1315,1343,9721
02bbab98e06101dd6ae8139664f7703d,1315,1343,9721
4c08c6ffb6f4f2842fca5ab8f737f15e,1315,1343,9721
4e8c6d458c546b63310d47eebee478f4,1315,1343,9721
2197a35b0525a05ea00d9a0dda6b04eb,1315,1343,9721
e051ce5876fffba5b19236840c098f57,1315,1343,9721
ee676eff56af4d704c7929cb6e1bd173,1315,1343,9721
ffdf28757f459c7d87363cb9fcf730fd,1315,1343,9721
7e2f2e85618113b5addfa0810ee548e9,1315,1343,9721
a7f86bb013b0801696127f9e73d48c69,1315,1343,9721
7b112bd29910b5a75e3239c5d1b519db,1315,1343,9721
0e01ca7019f1469c9eb592c7ebd828b6,1315,1343,9721
ad4fda5765e40bf05f5aa843ddbdec55,1315,1343,9721
a893b0a9dd57d0e838f3db853c34ce71,1315,1343,11999
953325bd2fbb12c8028c9882f1726f62,1315,1343,11999
22b1c656e9594aa2e1dd993b9e15614b,1315,1343,11999
d3fff3c7100e83bbe1722f6531f0ccf2,1315,1343,11999
f8fba28f5b1261d30b3cd014c5bdfb60,1315,1343,11999
7547d4d0684df02bf42f8cce1f1783b6,1315,1343,11999
b90488d9051d02b1e15a2a18cb73a925,1315,1343,11999
54d413a298e471e20d8e08193f9e76c6,1315,1343,11999
c5ffdc6a9abf2c2fff4fcabdc66225a4,1315,1343,11999
a1596a6c4443b4c5fdcbeaf3a142b14f,1315,1343,11999
e770cb47210f2308fe825cf1c36a394f,1315,1343,11999
1750f27c2b7eb40a30f3a21b7e0abd76,1315,1343,11999
0ae8ed31ab52ea8fd45c54ff33bc4f79,11729,11731,9775
daed8598819550938380aefcd028a9a4,11729,11731,9775
465b7da6a7f68b2469a9e24b33535074,11729,11731,9775
073c8668c3f26cde10e7c50af492732e,11729,11731,9775
233bea446146f869a542b99e140bde9a,11729,11731,9775
3c462ffdd46ce6dc35e9917db043ed5c,11729,11731,9775
633af4ffb57635f3f8bf187b19b5cae2,1318,12099,9756
9c7bfb58178849f542e0c732987cd6e2,1318,12099,9756
5079ffb3f309ed49bccf7a20e0ed8579,1318,12099,9756
ef475a9a4aef5de3596c8734a90a877a,1318,12099,9756
3e6fb0d829b99d86290234056e0a7ec3,1318,12099,9756
d05a95630d44d7770d01343945f7e882,1318,12099,9756
0bc55befca0c74e941fa21e00b21afaf,1318,12099,9756
d38bf284ec55a12cd9094001455957c6,1318,12099,9756
b65e85e347118640ac845dda12e79d0d,1318,12099,9756
bda89378eb56444cfcc78d6f5dcaa52e,1318,12099,9756
1b244ac3cde5e789b319fc7deab5c8b4,1318,12099,9756
24ff3521b4f4907d62ac90635160770d,1318,12099,9756
6b67f108d53c1c41acd7f040c807cf4b,1318,12099,9756
a165ae23cdb6b65b76250f9dd2c4d2e6,1318,12099,9756
b37b5a691755b70d490d3f95ac57bc27,1318,12099,9756
ecea98977e7a8a66298a5be02fd2f654,1672,14226,14228
9d7cb24c5ef9e7930696f6b606960576,1319,11842,14940
f6032544d6e02aae2abb09f8752f5c13,6144,6182,6190
ab008f5b09c70e9915e6b88ddf29d832,6144,6182,6190
db4254669b4c001616c1c177dcabe5ea,6144,6182,6190
165417a9389a41d128dc427d8ac9af50,737,752,760
7178683d41c73d659942a3ca7875c6bd,9192,9196,14699
1317dfde109e0d79baaff8475eb2dd34,6196,6214,11977
73c1e094030d86fa0976cf98ae36b9e8,6196,6214,11977
0122ef5c28dc540da968a3de3cf8ad58,737,752,755
d7c811c74ba6e4d8498ae9d52b6e7257,1672,2575,2580
60d0bbb4d35c2309af5e7c376d5e54c6,1318,12147,12153
719ef5eb6ab572623a0503431db4537b,1318,12147,12153
6fd5e3c67312d06a52dfe5bc9dedffd9,1318,12147,12153
79612177829a0e4b8f080c8b8d4d8e40,1318,1466,12122
329c053bbd1a5ae967335df1d2597cda,1318,1466,12122
65946c9c17cb7e00bb4509b8868200d2,12473,12480,12515
70c948987b1301183134c74e1a45ee27,12473,12480,12515
d4bfc95b3897b1d0ee034f6813e94176,12473,12480,12515
161b8c303dda03a6d65ee9cdc3a38a58,1620,11158,11964
1c64178f24a7f249aee0fe0ba935b1d0,1315,1345,1369
a365b07d1a217629892e8d8592515db1,9192,12632,12641
4a3478ddd41cd0c9a91655327a98ae88,670,729,1449
ac2d2354f7361fd48254ba9fd263738b,670,729,1449
b8a34cb3336035a6a3d9ec145c71c4f9,670,716,720
1be016e62d847dabcf71a531c9e20c95,9855,9856,9900
fedf36ddf130c57cd3dcd069a4f86095,1319,11842,11224
cef393d9f9c91b3eade18c903f115aa3,1319,11842,11224
a47c43f9877234ed1fcd6e207b60388c,1319,11842,11224
8e5fbc0db737bf4e9003f595d3937e2e,1319,11842,11224
b3e1891ab5e76e16ddd79b8cbd5d4456,1319,11842,11224
90b1c1257c774d5e7ba2019a89f0959b,1319,11842,11224
b9ac6614de0a1a51f4f8e2dc3003047e,1319,11842,11224
8fd66c42b912e435eb2b57905cf253de,1319,11842,11224
6b0b4cee22cd347f09d04dccc3318c13,1319,11842,11224
703c21397f67ce9f6686a895a74abece,1319,11842,11224
32adf3060d814ad2325ee8a3c51a9906,1319,11842,11224
80879e93f027d7fcb2d675c5ea2076e2,737,794,878
83f486bc97ca73692b77b35dd27276eb,12218,12221,13571
cff47da6502f7e13a88b78e432f2c2cf,1672,14226,14230
d192142a23eded62548e0e9d4b506963,652,12345,12348
ee6b3a613e0e8e7440b8217b73ae51d3,652,12345,12348
2086790994c4775fdc4206af768990a7,1316,1381,13548
383a7914f2642030c47766e0486c3441,1672,2599,1442
f332f2a4d057bd9d546fbb1cb21b1e47,1672,2599,1442
1c005157fa83e40b5b8f5c18c7fe3c02,1672,2599,1442
f0acec2e4d8f1a307c13a99549ef0039,1672,2599,1442
2a90f7cde1750eb921e340e05261c597,9847,9848,9863
409d68b55f05589f74634bf642308b4c,1319,11842,11229
932b5f6b3a0d29595ae2b7847c7a421b,1315,1343,9713
22763fdce3d5853cf1e4cce67fb6f436,1315,1343,9713
833e8da7933fd389eb5b7b63ca8e9a24,1315,1343,9713
c6df6bf7e08813e6c60b0cb42b54a9cb,1315,1343,9713
5bc35f02ec5682957a0b360c0f6c0921,1315,1343,9713
be9ce2d3dc39e14e24b3a7cea96cd55d,1315,1343,9713
3f560ce226ccf3268f9f02082f0ac45f,1315,1343,9713
115f7526b6368ab2e2affb569ede6994,1315,1343,9713
f47dcfdef2d37c2e3fa79b60b320d718,1315,1343,9713
61d0ae95ea7f0c97b5cb249141f8f2a3,1315,1343,9713
08f0da80ffe8d3fe888912bf9724bf9c,1315,1343,9713
3fbf47c991eb46eeab90ceff75c5b511,1315,1343,9713
22ed3db9bf037eafd3645933bd3a0f75,1315,1343,9713
d6366f808a739afdb2063d9acf5a62f2,1315,1343,9713
bb8b5c7216b5b9617912d1a3646b720b,1315,1343,9713
d77c784e9e70237e83a7553ebb476be1,1620,11158,11965
f8dc7ccf27dce09c6fab1b67fc393aa0,1315,1343,11998
b832db8df7a6d464c5afa52b69957fa5,1315,1343,11998
57d61dcea03e01a48513d85a7a51de45,1315,1343,11998
53484a6ec040cef2329179ce37629c1e,1319,14941,14946
29d766ec692e988dd71f5f1227c40517,1319,14941,14946
71b66992165a8723b2d729949ee77f97,1318,12147,12148
49948fb6b1b5d81de95aa7e2097a322b,1318,12147,12148
b9b80207b8a382b190dc73700859a377,1318,12147,12148
8f93ba96d920d5fcefe68c420449c6cb,1318,12147,12148
fbb2db2fad282704f6b87d932f5b394f,1315,1345,9744
f887981b1323efd24f919b4554cc4870,1315,1345,9744
bafb3764b9c4b815071ac28e31175843,1315,1345,9744
a052d9915510163b2c2fb7ca950d3819,1315,1345,9744
003af1757fdeed419bd4c98a4f4afac1,1315,1345,9744
66563a574242f9774c54fd9429652b7c,1319,11842,14933
a165c7a0c469b38fef692d74a916af1a,1319,11842,14933
398dcadbad27c6f1900c2593e8ec3154,1319,11842,14933
556c62b2c7897a076a3ba9106013745c,1319,11842,14933
d2a0a094babb28b6c9c5300f1496f1fa,1319,11842,14933
b3a79a1c93ec41e446cdd7f22c4350d7,1319,11842,14933
51eeb5446d4e87a1669b37be28b73e98,1620,1621,11159
253b07088f21a96bc871c76862a12a12,1620,1621,11159
4a21c1772bec96b9b9a451067615aa3f,1318,12102,9764
4af59628a1bed98a6fb4b8e9d4acb257,1318,12102,9764
c0454318d5c56a008785e8bd333f881a,1318,12102,9764
d5704381a391d901af3e22bb8a28ac7b,6233,6275,6280
63effc8ba0d13ee1adf962698f0a71a9,6233,6275,6280
dff15b10a51f7efa5ce96341186ab7c2,6233,6271,6277
94dd408f500521bdcd5809c65b717134,6196,6227,6232
c6c654e9d06b391f484a952305cb4237,1315,1346,12030
d346f0240818731c4457c326050ebb45,1315,1346,12030
a28e24abed4b62d1e804b48d1866d36a,1318,12154,12158
ed73f890ef2fe7e0e96605d43e7e5f26,1318,12154,12158
67d5bc7491938762cd2a3021d0a16bb9,1318,12115,12118
2c02245bad40a6721aacb4f1fb2d6caf,1316,1381,1392
98a935dea2609993c2b011792140a474,1316,1381,1392
aedbf24321112d5b32e859c115cb8240,1316,1381,1392
ce0dfa39e272e0c477e9a249f960e92a,9987,830,867
3eca53bbe0a85aa629e150bc3bcf6113,9987,830,867
4015947cdbd8fc6052955f20b85dd0a4,9987,830,867
b3400eb56d734e4454e7114039521bfe,9987,830,867
8fbe42fdf5ca795da321bdf120f54b68,9987,830,867
87b8a715155db530b288c33a4d7ec9a9,1319,14941,14951
8f77b61979c5c3aea1bf9add5ae98f97,1319,14941,14951
5e79a027731f5318ba75027327e4f275,1319,14941,14951
938f6f2821960c3061c950d519cc29e4,1319,14941,14951
faecd3d91790ee87ff4563bbe7d1740f,1319,14941,14951
68724f31b8755e288e9b890da5b5c28e,1319,14941,14951
b9221e084201b4f6ddea3eef1a90b954,1319,14941,14951
f28a8609a313433b960c45b29b7686b4,1319,14941,14951
31dae57efc7ce5af4d1c810c617301f1,1319,14941,14951
79e5d50546a067bed93b59d5d14711c5,1319,14941,14951
e3fa534d4e9e70e05cf89af30b8b2474,1319,14941,14951
8043ad2fb531d5ee1486fdbffdc82d21,1319,14941,14951
a02c5cd76e505fbb21d1a91919f77448,1319,14941,14951
d4b5401ad1d4bc1f4e5cf6b595be01b5,1319,14941,14951
055883447b80d96676872f2ad3a82ece,1319,14941,14951
a71f73f1d68a367972ac39d44bc8dfda,9847,9853,9890
3f3b47d03a2916ae3c5d0010247d6f28,1319,11842,11227
e35c8e5615913fddab16f26d86d8522c,1319,11842,11227
cc0a745caa03fe024d9260c6f76238da,1319,11842,11227
316c1e24a5b35b6772b9a0d950cede8f,1319,11842,11227
1ce73f2add52641fc486a7675441289b,1319,11842,11227
e5b55d7753f6445692cc26d8c642b888,1319,11842,11227
0fa6a27c4f56adc13ccc5af8225e8ef6,1318,12115,12117
9970590d79673149ec98b86859db5717,1318,12115,12117
38e52a18951a5bf96ed688d563f019e6,6728,6747,9985
8cea26979c3ada403ae96a0c5f3eb3f0,6728,6747,9985
a7f345dd730ff0d9b75d9f49a6cb9bcc,6233,6275,6286
22bbd13bcc128bc6e3e8e68a0e5596af,9847,9849,9871
135d5df4d2293ef24e57d9bc12572e5d,9987,830,13661
de4ff15afb48b6b4af0b50a460d735dc,652,828,842
0e7392da39a8394a6a987433e859e7fb,652,828,842
9c85af0c1ed95762148e552e55c90da3,1318,12147,12149
3ecefcf202e2946b3158ed5499069e13,1318,12147,12149
69f3ae05a1ab96a8275461367ea7d904,1318,12147,12149
bb2d64b64a0aa0394d9e9280506a8cb7,6728,6745,11881
cc6427c45ff297bf60b638c3533a2ab7,6728,6745,11881
5d838799175462e9abcaa9d112421224,6728,6745,11881
a73c899bb95d6aa18aa02547ad1e55c2,1319,6313,6315
276d38f22b5ae2cdcea5a22e8c55521a,1319,6313,6315
d027956a852298ca19510ecedbba054f,1319,6313,6315
a155a3531e3df5d6f238ece9ecd14739,1319,6313,6315
dbba0319d96861e31820d7ae81ebac84,9987,830,13659
618bff13639873fe31cb4f774d02ab70,9987,830,13659
37222a541e8de7fe2b802cbde34182f4,1620,1624,1656
ddbfd45f95ca4fb56ecfd5648bd61529,1620,1624,1656
7d32d43c297cc3d82496a292b275948f,6728,6745,11882
a01223939774c327b4f390c0c96ea70d,6728,6745,11882
4420457c5faccb2634135b898ea432d2,6728,6745,11882
5f635d6d79a03772da1cfeca03ec6f71,1620,11158,11164
e3ded97f79c39fa05d94aca26cd06b9e,1620,11158,11164
cf3ed0393082551ef7f0bb767c19d13e,1620,11158,11164
028eee15687af7bf741c0f796a515dd9,1319,11842,11225
872f067f10cf413d6b5dd121789d25ca,1319,11842,11225
fec43259c6c7ef162d243b5c76eb20f0,1319,11842,11225
065d0521a083df22c2bb55ab949c7aa4,12473,12479,12514
c6b0cb17dc76c49ef38f45d934d42790,12473,12479,12514
0f093617afa4ea9e6bd9a8798830226b,12473,12479,12514
c49adbaaaec892a3fd84d7c96bcbe946,9847,9852,9886
5035a14bf63566f95a39f44979d550de,670,671,1105
318b7c3946fc6b1c01b52b82b0727666,1713,3279,3658
bc0c5e40bdb01ee1b5d9b9504609a93e,9855,9856,9906
4fffef3608067d4ce44c280ce8be2e06,6196,6219,6224
ac4b260efbceee3d9ed91bfba91bce35,6196,6219,6224
2e7b77779aa83a9ac4ecf15c8c5a6794,1315,1345,12015
b2b4f5c241026a81435ab36c33d6dcb6,1315,1345,12015
a51bf684f320be9a127c13c62fbfbc29,1315,1345,12015
b019a4542a85ec0c473a07f13bdb5cd0,1318,12099,9757
565170e3c96dba4f293a9e0c2fc0f427,1315,1345,1365
313eb586f413147453f5cbb6d05be21b,1315,1345,1365
c2d5753996c6a8054749c3f079de02d5,1319,11842,11228
ec0182aeae09fde18b149c76250526b3,1672,2599,1440
dc7fd52ad0a8662273365c09cebf60e2,1672,2599,1440
f4e1b15914522d99905b35c53890d422,1315,1346,9790
64b4db00f057dd490788027b5b1d784e,1319,4997,12199
502b2fc15b3c4c06323293bec0d01a34,1319,1528,4702
faae748c5c5d9364660c48d7e7a58a4c,1315,1342,12003
849830c38e7af2288d89f471a3bf372e,1315,1342,12003
f7ba437e521650f05fe3f8820c9465d8,6144,6182,6195
1d9044f0669dc49b6ec7b635b72b8e14,6144,6182,6195
d5ddf3d5f0d889db0d5b68b0a95973d4,6196,6214,6216
1bb1b42bd3b16c4947f57c85b7b8fc0b,6196,6214,6216
d7dcaa0250316d5ffb89e362c2eb400a,1620,11158,11166
70153634765f59b3e98108b3732c66bc,1620,11158,11166
505d617dcd7ac2000ce65857fe44dcad,1620,11158,11166
ba7cfebece3e74802f72a5b71fefc0b4,1620,11158,11166
5b49c6d8827f9a3db6f29d6780204a78,1318,2628,12133
e22cfc7cfdb73fb7e2393acfa1e18e2b,1315,1343,9705
8b072fb1e5a76ecafb90de9ed7d0186b,1315,1343,9705
793855352c691a318b2641c58e10e233,1315,1343,9705
449d59a17230facc1ebec52d4a664e73,1315,1343,9705
069304602975e14006c5f3700bbd18d7,1315,1343,9705
6bdbece6bfdb0a4a9f3d3f7d3ab7340e,1315,1345,9753
888854d9ecf176b7286d007564568b09,1316,1381,1391
d3add7de70aafd5940166972291d4857,1316,1381,1391
13e6ce0474661930dc08cce23a4eab97,1672,2576,12071
3a6079c7e079ae80712b8341ccf6f01a,1620,11158,11967
13822ee28506490bafb618bb84ea5668,1318,1462,1476
ba7ce41f1bd86558d7ab6f5fe1022945,1620,1624,11167
e1af0d8d7fe335a9ceb42f96ec8e0bc2,1620,1624,11167
2d69deac7a95791e2a79d2a721a55a47,1318,1462,2629
e481c828f89f7cc3644f69df9de8b7ce,1318,1462,2629
97caa74321d9465e452ac9981d38e027,1318,1462,2629
6ec101cf94448217d9d270b6131274dd,9847,9851,11973
c3a577fabc4ad7b170d1e0e8f81c0f97,1620,1621,11160
b3c42c69f466878b829998e493c8213d,1315,1342,9725
609a92e7d853a9484fc684eef833ef05,1315,1342,9725
2db93b0ce049f51cd3bce15fb3e83d55,1315,1342,9725
3aaf6c7c101901cd3d741e72d2d9799c,1315,1342,9725
05975c9eb256765b7ce2f72b4dd8f8ac,1315,1342,9725
6afb47445578f7a4071add25fe57ef78,1318,1463,13808
d48807d982c1b5162a99333610de976c,1672,2575,5259
1152b008c5c65bf830745402402b1008,1672,2575,5259
66f47d1c6554ed126f1fe74196aaa99a,1672,2575,5259
80a54fe008ca8fafd95076efdc54c8a3,1319,11842,4937
fc43c2724b38a836d189439989abde46,1319,11842,4937
d6337b69be7cf99f10c1c6d251f7e38f,1319,11842,4937
5cd54413e106ecf068f12f115e6b7bba,1315,1346,12018
9b4dbd65aa436289c207e20116a2ec9a,1315,1346,12018
ae773dee49fcc3ce7144daba719fae2c,6994,7000,7030
5f616b54d0b9ae9d188a1f3705ed97fa,1620,1624,1658
58a424caced8bec84c831dfdb9267d80,1316,1625,1667
8be9ed6522f4623cd168b39798c0293b,9192,9197,12189
41ee20c920d48386f836bc3b3cb2bb57,9987,653,655
c50f4aba1cb4f9fe3fce7305ff420523,11729,11730,6912
5867b8940ab2cbfe3876dc9c365795fd,11729,11730,6912
1d69684ca9fb6cc7b4c98cef71e870e6,11729,11730,6912
58c5bcca83893d4f1e8e42586642257d,6728,6747,13270
78e00cb1a7c1e546197490c27bdc5c91,1315,1343,11986
2b1fb967803ca40e2cac6a8ca9702eae,12473,12480,12518
2a54df5e6999898ae1ff06d99207b99b,12473,12480,12518
6439f01acf6985e6b334f0314e16a051,1315,1343,3983
afbe34dae53b1e83f64038335ddeb9f9,1315,1343,3983
73182f7b385810af6800516a8207a308,1315,1343,3983
e73d74cc18bbbf8d0301504b83f566fc,1318,1462,1479
5b60a22497115e8fff4f03be7e8ebb6a,1318,1462,1479
5eb72447c9e6f0c56dbd38840919e593,1315,1345,12008
b06a06d0f685fd9407d9b823b3cd9684,1320,1584,2677
fb1480bd51ab3565b50312d3ed6ef21f,1320,1584,2677
d3862fd7c8a767d7d89c4c37974cedb7,1320,1584,2677
afecff48fabb170f056f77ae363ad9b0,1319,6313,11234
478fd9503ba4e1665c6e73c8426a516f,1319,6313,11234
d816db1a5b80ee92bc35f6101cfbb726,1713,3259,3334
d1039a6559ae112963c2b2cbc298cde2,1315,1342,3982
43b515b790bd513dad36124c4e275e2c,1315,1342,3982
877729381dfe3d67767d45bce8b0d6a3,6196,6197,6199
61eda51b042f3eb0a95481b15ead78ee,6196,6197,6199
81781570962ce3e03c8ee7c5b39f91ff,6196,6197,6202
59aa6c19324b2237ba52621006169c6e,9855,9858,9920
5aa23bc2504a82d66234c20e955ee8b1,9855,9858,9920
32f5cdc62c5d7ece6f8d5a6f3d261f4f,9855,9858,9920
27e5f61e27f6d9850fd367a0080cef77,9855,9858,9920
2eb50e6240cb8848ed07dbb35d8eed87,9855,9858,9920
859a8d0b89c87f7cf3c1ce83c80cf30a,9855,9858,9920
e439e29ef139d02585316d3f073ee3e7,9855,9858,9920
b91df7f45cd739446e27ef0f8198ba75,1713,3291,3893
68017fd2dc17231e95e7d586779a5803,6144,12041,12052
e605f91647febac14769f593dcc6810c,9847,9849,9873
f2f7b68fb69ca831df0e79764cfdcc71,9847,9849,9873
83c97e6b2bb8af887db5496e0118d341,1620,1621,1627
126b303deadd315439f97b469e55ffba,1620,1621,1627
05962039a479bba74996f14dadb33864,1319,14941,14943
295ce97da517fcf5cc9244c01c2372d8,1672,2599,13665
4b1c9d165cbe7287f9a663e1120c426c,1672,2599,13665
4848b846af7b800af5c9e24ea587e967,1318,1462,5152
684eef49700658155ed27b98dc255a57,1318,1462,5152
c01beac5074211a2a04775cc1e6191b5,1318,1462,5152
e5ffbfe02309f06b005558d9fa659eca,1319,14941,14944
3079cbf798b5e773a18806e76d092ebe,1672,2577,5265
4274c56d41d4a82cde2e63b9f07103b7,1672,2577,5265
ffdb37532cad004df0ecc9775316c462,9855,9857,9918
c20e71ca9746051e225c536b087f7169,9855,9857,9918
fa48df4bc19a7c0d8e7f9de29379013b,9855,9857,9918
6af55d3cec50661c00bba128ee23b55b,9192,12632,12633
cd95687a88d885cfac0d88d10c800788,9847,9852,9888
3a7ad818e6477f3a2b1e077f22825433,1319,11842,14935
be9d9643689b158b4bee6ee006d7c785,6233,6235,6248
df2d203e3f884bc3fe31dfb4c382ea6c,1315,1342,9740
40375d08108f2579e06d83d5c98f3689,1315,1342,9742
a413cb759b5dec0ca34e1e21e051558c,9855,9860,9931
fd7820596ecf2a0923b377640bcd172f,1316,1381,13546
94caf30c8b59fdbf31ebaeb5482f206b,1713,3289,4770
9246abaf1ce56ffa6888655237e20343,1319,6313,13290
337e574a1e959de831d7ad7057dd0360,6728,6747,6796
614ba5106f191f8cdd3b4dcceb923624,1318,12102,9763
23dfc6ee644e61fe14b1aa52e659ed65,1318,1462,2691
affb54f9b8af725c577f831507427eda,1318,1462,2691
c9faca060d98fd435615af20941c512f,6196,6219,6221
d8d5195c18ead7bfbd117ff543b477fb,6196,6219,6221
11ca3f2f1afa9adab85e7d7941a602e4,1315,1346,12033
1dc54a9df86d73a309f8279c396bf122,1315,1346,12033
d50cddaaa407d44f09f29f76289c292e,1315,1346,12033
525a8f39c829c5481e182e371217cf24,6728,6742,6766
60d145c7eb8ab834ae4eab5bf99b58c5,1713,3290,6616
a449d44cac6b2404b5779f66447aaa37,1319,11842,14937
9928841fa16e5372b2effe59dea9cc72,1319,11842,14937
7bda7770372dcc313289896c1a7c5d38,1319,11842,14937
c8f551d88ef016ef5b0f916db3f2fc1c,6144,6182,6191
08f1caa938ba65ca3d2c55ded0d25baf,6144,6182,6191
863b7515ab2495594a479a479b434f72,1315,1346,12019
42eaec0a2a8196353a62140c5bc14916,6233,6275,6282
3a7c4039484fc4b0885cb7060b0fb50d,6144,6182,6192
42459865c6f5ded4a7f1d2f321765a3c,6144,6182,6192
fb8e258713a8611a2adaa73366b9097d,6196,11143,11153
96c0323b694f2d1a5547e015e1f18cf1,1713,3289,4776
ae293f98b0eb93a9498a090fe7d56f99,6144,6167,6168
b432a3b1e2febe3f3adc1bb564008778,1672,2615,9189
6a9be3f041f26b8e212b8a65b4027dfc,6728,6745,6785
845973f3f2ccfa18a221f6a8ab684e64,6728,6745,6785
520dbae1f858946797ea6300b568adf8,9987,830,12811
4ec404a194cbc045d6291a616d8d1873,9987,830,12811
fefd704fd3348fd49916079aa0b318f9,11729,11730,6913
b4e82faf5faceda1d1633f12f3f9743f,1315,1346,12039
1857ade2da3f03b0676a31cbe4c0631e,1315,1342,9728
9c75deac81631223106ed6bea2f27259,1315,1342,9728
113f4fd5a2cfa203a8b8acdce299a686,1315,1342,9728
7fe65b34854265a352c03aeb7b29d753,1315,1342,9728
0a182364bbe2aec22a41989132845881,1315,1342,9728
710b4d8d39fd2ffa01e0e04a82ff8342,1315,1342,9728
e9b97c28b911100dd89a76e7ff53462e,1315,1342,9728
9c12ed100451bc88a91382b86d1eec20,1315,1342,9728
211a4053a1e04a35ca2a9d265ad09048,1315,1342,9728
bf25c84e8f972728d4ef020460b5a928,1315,1343,11988
54e6871725e169461c82d6bc8a651813,670,686,1047
7eb6f5175daf6185f6e927972ef41236,1672,2599,4942
b534a907f806ab7e8a47f22581be8577,1319,11842,11226
2afaada3b8f5f5ce2ebd0c718afa2672,1713,3289,4766
eb68117f087186a95c997c3ec86406b3,1315,1342,9738
fe13f91bc4624625d09449905c5a4b78,1316,1387,1428
3969ab934dd52091d6b9af764b7cd863,1320,5019,15052
fe71584cb7e99d962c51f4e0d6fe6964,1320,5019,15052
160114bf2219feb0fca18babf4874215,1620,13780,13782
25305d9ad9e4ff02edd215e770859a80,1620,1621,14405
0726831ba84e17b3e6b549136654b9d8,1318,1463,1484
ab93bcf83ff9642f5034410c674b0b48,1713,3267,3466
e6d71bee0f986909c0dbee12afbe50df,1320,1583,1595
c4ae16aeb6ff5f7580eb27487fa395b6,1320,1583,1595
9f933f56c7d00211439392240fcf7c28,1318,12147,12151
7bacf41fdab1800d17605433b8095925,1318,12147,12151
c9d7d627b59fe47962d9093b2df93d21,11729,11731,9774
e780b06af1f2dc7d8e5c4170a1f505d9,11729,11731,9774
3f4d91202e3eece8c45f8554c920335d,1319,6313,6317
a8cd5b3d25eede6f913332962d444988,11729,11730,9781
19d1630c529676a57be014ba35aa0822,1620,11158,11969
b6175ae66326020281ddbbb60db064da,1318,2628,12127
7ccf59822b43e88aab61db31b9bbde07,1318,2628,12127
19695ae7a9a83ca220d85f12e5b71fd6,1316,1387,1424
85866342a48548e2883e29f2c6febc00,670,729,7372
e051a13ab8f23733ba6cfed06e4d6cd7,670,729,7371
4f465f50d9255086cd9ef848563bd94a,9192,9197,2687
5afa88799a7fa94f4a99e5d8e882dacf,6233,6253,6263
87173355ecf8b2c8b0a4c36a47e6fabf,1620,13780,13781
020911727da318c1afc967df20f20617,1620,13780,13781
dbdee620d6cbd23defddbcf8a1aa7082,9855,9860,9933
bd97f44cff39bb2bae156231da667b7b,9855,9859,9930
21188c6535de2dfa61e75ce3a5805f91,1318,12102,12108
dd28ef69e8e168e7af02971ebceecf90,6728,6745,14908
08162936af3ff1bd5ee8e951c6d01383,6728,6745,14908
d6af44503b3359f319ed97168a317732,1713,3289,4774
2e72a25122c38f168a9e80fe2852e81a,1713,3289,4774
08b4654c7dcae5ae47c1c854e1519087,6728,6745,14911
43713cd0d2cd4f7d8ece776b59a1e33b,6994,7001,7035
cbcde88308a28ab467d0aa3b3bee2496,9847,9848,9866
0298e6a63f3f3a48c2cf59232890c1e6,1320,1583,1591
60367fbbc66e3b487cb641bbaa4a9c9b,1713,3289,4767
77d62e89980fca62741d3a80b062296c,1713,3289,4767
2b2cf354cadf91d26b2a150a0cb2091c,1315,1342,9737
b5e055e1254568e1584eff6766a04657,1316,1381,1396
202c0f4fe4937993796ac9483cfb6b31,6196,6198,6209
e84e13cb48a7a84a05fd2f2e35ed2710,9192,9196,1506
e70af9aae2733930611fe525dfa7ad36,1320,1583,1590
665ce16eea4a44ce8ad43a8fe48fc57e,9855,9858,13823
296bd95ead4bf765756909264e613c5e,1316,1387,1420
e7aa5929590820a9c7679078be2d5636,1316,1387,1420
d896b70662b0ae806f2fdbf680c776bf,12473,12479,12586
5b5888eb5fefba09e2db5db6c2f775d4,12473,12479,14215
13c8c1a862ca3ffa2de077fc5f7a75b2,12473,12479,14215
01d9a838991502640c6d8b4435b1702c,6233,6291,6296
b1445a6f4c670f200962592bacd1c482,1713,3289,3836
79a61e1ea34670a55ffb9fd194aaa5de,12218,12221,13570
09c5a7e33c42d620caf244a9c309c1dc,1320,5019,5023
07941705c7cc58c8f71061a25e800029,9855,9856,11949
6a28a63bc41ae6c658042149a2aefba6,9192,9196,14697
a4a7f1df3a9e8dbdf616899c1d7713b7,1620,1624,1660
6741b6b20319c6a95f370972f0f33726,9987,830,868
df16f76e978a7dabf986dbc94025365f,1319,1528,1569
f9c31a396efe39f30b3ba301362529f0,1318,12099,9755
f033411bf86e9881eed6e0d95c700021,1316,1381,1389
f5ea4b4fd68b30a643d6426fc02bb80a,9987,830,862
c9e00ec4c430c07117369a222a783d64,1319,1527,1557
9bb758622a509c9df3afa199ce82512c,12259,12260,9439
aaaaf5e372cffd3de10a0e0362e062f3,1620,1621,1632
9ef7534eacc52edf516bdb62beffc5c2,1620,1621,1632
979527bc11b931aaaf39a5cbb117f7d3,9192,9196,1504
0131befb8f24636870f385bd4cd074e7,9855,9858,9922
5c2faa93bbaf694fb33d2ddf186ee244,1620,1621,1631
69b32f56798d42d07a4192dd0b2be2a0,1620,1621,1631
d782b87fa34d08d59d3d6201eeba2559,1620,1621,11161
88c4b94e26cdda8055117ddc49b674d0,1672,2599,4698
385ee4bcf3b127f4f6dc510d2ff2c327,1318,2628,12130
f1ff66dee6f596416958796c433d5eef,652,12345,12349
c1644dab445dcb6af0fefa8b89149e16,1713,3273,3545
ef0d7261ff9c56522153c916904f8e5a,1315,1346,12038
b70a81dad71ddabd2b3385fecb24fd99,9847,9852,9885
